",,,,,Games,Games,Passing,Passing,Passing,Passing,Passing,Rushing,Rushing,Rushing,Rushing,Receiving,Receiving,Receiving,Receiving,Receiving,Fantasy,Fantasy,Fantasy,Fantasy,Fantasy,Fantasy,Fantasy"
"Rk,,Tm,FantPos,Age,G,GS,Cmp,Att,Yds,TD,Int,Att,Yds,Y/A,TD,Tgt,Rec,Yds,Y/R,TD,FantPt,PPR,DKPt,FDPt,VBD,PosRank,OvRank"
"1,Antonio Brown*+\BrowAn04,PIT,WR,27,16,16,0,0,0,0,0,3,28,9.33,0,193,136,1834,13.49,10,250,,393.2,320.2,123,1,1"
"2,Devonta Freeman*\FreeDe00,ATL,RB,23,15,13,0,0,0,0,0,265,1056,3.98,11,97,73,578,7.92,3,243,,324.4,279.9,120,1,2"
"3,Julio Jones*+\JoneJu02,ATL,WR,26,16,16,0,0,0,0,0,0,0,,0,203,136,1871,13.76,8,235,,379.1,307.1,107,2,3"
"4,Adrian Peterson*+\PeteAd01,MIN,RB,30,16,16,0,0,0,0,0,327,1485,4.54,11,36,30,222,7.40,0,231,,269.7,245.7,107,2,4"
"5,Cam Newton*+\NewtCa00,CAR,QB,26,16,16,296,495,3837,35,10,132,636,4.82,10,0,0,0,,0,391,,409.1,399.1,106,1,5"
"6,Brandon Marshall*\MarsBr00,NYJ,WR,31,16,16,0,0,0,0,0,0,0,,0,173,109,1502,13.78,14,230,,344.2,284.7,103,3,6"
"7,Rob Gronkowski*+\GronRo00,NWE,TE,26,15,15,0,0,0,0,0,0,0,,0,120,72,1176,16.33,11,184,,258.6,219.6,100,1,7"
"8,Allen Robinson*\RobiAl02,JAX,WR,22,16,16,0,0,0,0,0,0,0,,0,151,80,1400,17.50,14,224,,307.0,264.0,96,4,8"
"9,Odell Beckham*\BeckOd00,NYG,WR,23,15,15,0,0,0,0,0,1,3,3.00,0,158,96,1450,15.10,13,223,,322.3,271.3,96,5,9"
"10,DeAndre Hopkins*\HopkDe00,HOU,WR,23,16,16,0,0,0,0,0,0,0,,0,192,111,1521,13.70,11,220,,334.1,275.6,92,6,10"
"11,Doug Martin*+\MartDo00,TAM,RB,26,16,16,0,0,0,0,0,288,1402,4.87,6,44,33,271,8.21,1,199,,243.3,215.8,76,3,11"
"12,Gary Barnidge*\BarnGa01,CLE,TE,30,16,13,0,0,0,0,0,0,0,,0,125,79,1043,13.20,9,158,,240.3,197.8,75,2,12"
"13,DeAngelo Williams\WillDe02,PIT,RB,32,16,10,0,0,0,0,0,200,907,4.54,11,47,40,367,9.18,0,191,,239.4,211.4,68,4,13"
"14,Greg Olsen*\OlseGr00,CAR,TE,30,16,16,0,0,0,0,0,0,0,,0,124,77,1104,14.34,7,150,,231.4,188.9,67,4,14"
"15,Delanie Walker*\WalkHu00,TEN,TE,31,15,10,0,0,0,0,0,1,36,36.00,0,133,94,1088,11.57,6,150,,247.4,197.4,67,3,15"
"16,Todd Gurley*\GurlTo01,STL,RB,21,13,12,0,0,0,0,0,229,1106,4.83,10,26,21,188,8.95,0,189,,215.4,197.9,66,5,16"
"17,Doug Baldwin\BaldDo00,SEA,WR,27,16,16,0,0,0,0,0,0,0,,0,103,78,1069,13.71,14,191,,271.9,229.9,63,7,17"
"18,Lamar Miller\MillLa01,MIA,RB,24,16,16,0,0,0,0,0,194,872,4.49,8,57,47,397,8.45,2,185,,238.9,208.4,62,6,18"
"19,A.J. Green*\GreeA.00,CIN,WR,27,16,16,0,0,0,0,0,0,0,,0,132,86,1297,15.08,10,188,,277.7,230.7,60,8,19"
"20,Tom Brady*\BradTo00,NWE,QB,38,16,16,402,624,4770,36,7,34,53,1.56,3,1,1,36,36.00,0,344,,356.7,351.2,59,2,20"
"21,Russell Wilson*\WilsRu00,SEA,QB,27,16,16,329,483,4024,34,8,103,553,5.37,1,0,0,0,,0,342,,353.3,344.3,57,3,21"
"22,Tyler Eifert*\EifeTy00,CIN,TE,25,13,12,0,0,0,0,0,0,0,,0,74,52,615,11.83,13,140,,194.5,165.5,56,5,22"
"23,David Johnson\JohnDa08,ARI,RB,24,16,5,0,0,0,0,0,125,581,4.65,8,57,36,457,12.69,4,174,,222.8,197.8,51,7,23"
"24,Matt Forte\FortMa00,CHI,RB,30,13,13,0,0,0,0,0,218,898,4.12,4,58,44,389,8.84,3,173,,221.7,192.7,49,8,24"
"25,Chris Ivory*\IvorCh00,NYJ,RB,27,15,14,0,0,0,0,0,247,1070,4.33,7,37,30,217,7.23,1,173,,210.7,187.7,49,9,25"
"26,Calvin Johnson*\JohnCa00,DET,WR,30,16,16,0,0,0,0,0,0,0,,0,149,88,1214,13.80,9,173,,265.4,217.4,46,9,26"
"27,Eric Decker\DeckEr00,NYJ,WR,28,15,13,0,0,0,0,0,0,0,,0,132,80,1027,12.84,12,173,,256.7,212.7,45,10,27"
"28,Larry Fitzgerald*\FitzLa00,ARI,WR,32,16,16,0,0,0,0,0,0,0,,0,145,109,1215,11.15,9,172,,285.5,226.0,44,11,28"
"29,Brandin Cooks\CookBr00,NOR,WR,22,16,13,0,0,0,0,0,8,18,2.25,0,129,84,1138,13.55,9,170,,256.6,211.6,42,12,29"
"30,Latavius Murray*\MurrLa00,OAK,RB,25,16,16,0,0,0,0,0,266,1066,4.01,6,53,41,232,5.66,0,164,,211.8,184.3,41,10,30"
"31,Danny Woodhead\WoodDa02,SDG,RB,30,16,1,0,0,0,0,0,98,336,3.43,3,106,80,755,9.44,6,163,,249.1,203.1,40,11,31"
"32,Blake Bortles\BortBl00,JAX,QB,23,16,16,355,606,4428,35,18,52,310,5.96,2,0,0,0,,0,324,,345.1,334.1,39,4,32"
"33,Demaryius Thomas*\ThomDe03,DEN,WR,28,16,16,0,0,0,0,0,0,0,,0,177,105,1304,12.42,6,164,,272.4,214.9,37,13,33"
"34,Frank Gore\GoreFr00,IND,RB,32,16,16,0,0,0,0,0,260,967,3.72,6,58,34,267,7.85,1,159,,202.4,176.4,36,12,34"
"35,Allen Hurns\HurnAl01,JAX,WR,24,15,14,0,0,0,0,0,0,0,,0,105,64,1031,16.11,10,163,,229.1,193.1,35,14,35"
"36,Jeremy Hill\HillJe01,CIN,RB,23,16,15,0,0,0,0,0,223,794,3.56,11,19,15,79,5.27,1,157,,176.3,162.8,34,13,36"
"37,Travis Kelce*\KelcTr00,KAN,TE,26,16,16,0,0,0,0,0,0,0,,0,103,72,875,12.15,5,118,,194.5,153.5,34,6,37"
"38,Ben Watson\WatsBe00,NOR,TE,35,16,16,0,0,0,0,0,0,0,,0,110,74,825,11.15,6,117,,194.5,153.5,33,7,38"
"39,Darren McFadden\McFaDa00,DAL,RB,28,16,10,0,1,0,0,0,239,1089,4.56,3,53,40,328,8.20,0,156,,204.7,175.7,32,14,39"
"40,Jarvis Landry*\LandJa00,MIA,WR,23,16,14,1,1,9,0,0,18,113,6.28,1,166,110,1157,10.52,4,159,,281.4,220.4,32,15,40"
"41,Sammy Watkins\WatkSa00,BUF,WR,22,13,13,0,0,0,0,0,1,1,1.00,0,96,60,1047,17.45,9,159,,221.8,188.8,31,16,41"
"42,Mark Ingram\IngrMa01,NOR,RB,26,12,10,0,0,0,0,0,166,769,4.63,6,60,50,405,8.10,0,153,,210.4,178.4,30,15,42"
"43,Jordan Reed\ReedJo02,WAS,WR,25,14,9,0,0,0,0,0,0,0,,0,114,87,952,10.94,11,157,,249.2,200.7,30,17,43"
"44,Jeremy Maclin\MaclJe00,KAN,WR,27,15,15,0,0,0,0,0,3,14,4.67,0,124,87,1088,12.51,8,156,,247.2,199.7,29,18,44"
"45,Carson Palmer*\PalmCa00,ARI,QB,36,16,16,342,537,4671,35,11,25,24,0.96,1,0,0,0,,0,309,,325.2,320.2,24,5,45"
"46,Jonathan Stewart*\StewJo00,CAR,RB,28,13,13,0,0,0,0,0,242,989,4.09,6,21,16,99,6.19,1,147,,167.8,154.8,24,16,46"
"47,LeSean McCoy*\McCoLe01,BUF,RB,27,12,12,0,0,0,0,0,203,895,4.41,3,50,32,292,9.13,2,147,,186.7,162.7,23,17,47"
"48,Drew Brees\BreeDr00,NOR,QB,36,15,15,428,627,4870,32,11,24,14,0.58,1,0,0,0,,0,306,,320.2,315.2,21,6,48"
"49,Emmanuel Sanders\SandEm00,DEN,WR,28,15,15,0,0,0,0,0,3,29,9.67,0,136,76,1135,14.93,6,148,,229.4,186.4,21,19,49"
"50,Aaron Rodgers*\RodgAa00,GNB,QB,32,16,16,347,572,3821,31,8,58,344,5.93,1,0,0,0,,0,305,,319.2,309.2,20,7,50"
"51,Michael Crabtree\CrabMi00,OAK,WR,28,16,15,0,0,0,0,0,0,0,,0,146,85,922,10.85,9,146,,234.2,188.7,19,20,51"
"52,Richard Rodgers\RodgRi00,GNB,TE,23,16,12,0,0,0,0,0,1,11,11.00,0,85,58,510,8.79,8,102,,163.1,131.1,18,8,52"
"53,Jordan Matthews\MattJo00,PHI,WR,23,16,13,0,0,0,0,0,0,0,,0,126,85,997,11.73,8,146,,234.7,188.2,18,21,53"
"54,DeMarco Murray\MurrDe00,PHI,RB,27,15,8,0,0,0,0,0,193,702,3.64,6,55,44,322,7.32,1,140,,192.4,162.4,17,18,54"
"55,John Brown\BrowJo02,ARI,WR,25,15,11,0,0,0,0,0,3,22,7.33,0,101,65,1003,15.43,7,143,,211.5,175.0,15,22,55"
"56,T.Y. Hilton*\HiltT.00,IND,WR,26,16,15,0,0,0,0,0,0,0,,0,134,69,1124,16.29,5,142,,214.4,176.9,15,23,56"
"57,Ronnie Hillman\HillRo00,DEN,RB,24,16,11,0,0,0,0,0,207,863,4.17,7,35,24,111,4.63,0,137,,168.4,149.4,14,19,57"
"58,James Jones\JoneJa04,GNB,WR,31,16,15,0,0,0,0,0,0,0,,0,99,50,890,17.80,8,141,,194.0,166.0,13,24,58"
"59,Amari Cooper*\CoopAm00,OAK,WR,21,16,15,0,0,0,0,0,3,-3,-1.00,0,130,72,1070,14.86,6,141,,216.7,176.7,13,25,59"
"60,Tavon Austin\AustTa00,STL,WR,24,16,14,0,0,0,0,0,52,434,8.35,4,87,52,473,9.10,5,141,,206.7,172.7,13,26,60"
"61,Rashad Jennings\JennRa00,NYG,RB,30,16,16,0,0,0,0,0,195,863,4.43,3,40,29,296,10.21,1,136,,172.9,150.4,13,20,61"
"62,Ted Ginn\GinnTe00,CAR,WR,30,15,13,0,0,0,0,0,4,60,15.00,0,97,44,739,16.80,10,140,,186.9,161.9,12,27,62"
"63,Zach Ertz\ErtzZa00,PHI,TE,25,15,6,0,0,0,0,0,0,0,,0,112,75,853,11.37,2,95,,174.3,132.8,12,9,63"
"64,Kirk Cousins\CousKi00,WAS,QB,27,16,16,379,543,4166,29,11,26,48,1.85,5,0,0,0,,0,295,,310.4,304.4,10,8,64"
"65,Antonio Gates\GateAn00,SDG,TE,35,11,4,0,0,0,0,0,0,0,,0,85,56,630,11.25,5,93,,152.0,121.0,9,10,65"
"66,Giovani Bernard\BernGi00,CIN,RB,24,16,1,0,0,0,0,0,154,730,4.74,2,66,49,472,9.63,0,132,,187.2,156.7,9,21,66"
"67,Mike Evans\EvanMi00,TAM,WR,22,15,14,0,0,0,0,0,0,0,,0,148,74,1206,16.30,3,137,,214.6,173.6,9,28,67"
"68,Matthew Stafford\StafMa00,DET,QB,27,16,16,398,592,4262,32,13,44,159,3.61,1,1,1,-6,-6.00,0,292,,311.8,303.3,7,9,68"
"69,Charles Sims\SimsCh00,TAM,RB,25,16,0,0,0,0,0,0,107,529,4.94,0,70,51,561,11.00,4,129,,188.0,154.5,6,22,69"
"70,Jeremy Langford\LangJe00,CHI,RB,24,16,2,0,0,0,0,0,148,537,3.63,6,42,22,279,12.68,1,128,,153.6,136.6,4,23,70"
"71,Jason Witten\WittJa00,DAL,TE,33,16,16,0,0,0,0,0,0,0,,0,104,77,713,9.26,3,87,,168.3,125.8,4,11,71"
"72,Eli Manning*\MannEl00,NYG,QB,34,16,16,387,618,4432,35,14,20,61,3.05,0,0,0,0,,0,287,,308.4,301.4,2,10,72"
"73,Philip Rivers\RivePh00,SDG,QB,34,16,16,437,661,4792,29,13,17,28,1.65,0,0,0,0,,0,286,,302.5,297.5,1,11,73"
"74,Travis Benjamin\BenjTr00,CLE,WR,26,16,15,0,0,0,0,0,4,12,3.00,0,125,68,966,14.21,5,128,,202.8,163.8,,29,74"
"75,Rueben Randle\RandRu00,NYG,WR,24,16,16,0,0,0,0,0,0,0,,0,90,57,797,13.98,8,128,,187.7,156.2,,30,75"
"76,Ryan Fitzpatrick\FitzRy00,NYJ,QB,33,16,16,335,562,3905,31,15,60,270,4.50,2,0,0,0,,0,285,,308.2,300.2,,12,76"
"77,James Starks\StarJa00,GNB,RB,29,16,4,0,0,0,0,0,148,601,4.06,2,53,43,392,9.12,3,123,,175.3,144.8,,24,77"
"78,Richie Brockel\BrocRi00,CAR,,29,2,0,0,0,0,0,0,0,0,,0,0,0,0,,0,,,,,,3,78"
"79,Jameis Winston*\WinsJa00,TAM,QB,21,16,16,312,535,4042,22,15,54,213,3.94,6,0,0,0,,0,279,,298.0,290.0,,13,"
"80,Tyrod Taylor*\TaylTy00,BUF,QB,26,14,14,242,380,3035,20,6,104,568,5.46,4,1,1,4,4.00,0,275,,284.6,277.1,,14,"
"81,Derek Carr*\CarrDe02,OAK,QB,24,16,16,350,573,3987,32,13,33,138,4.18,0,0,0,0,,0,273,,293.3,284.3,,15,"
"82,Alex Smith\SmitAl03,KAN,QB,31,16,16,307,470,3486,20,7,84,498,5.93,2,0,0,0,,0,273,,284.2,278.2,,16,"
"83,Ryan Tannehill\TannRy00,MIA,QB,27,16,16,363,586,4208,24,12,32,141,4.41,1,1,1,9,9.00,0,259,,279.3,269.8,,17,"
"84,Andy Dalton\DaltAn00,CIN,QB,28,13,13,255,386,3250,25,7,57,142,2.49,3,0,0,0,,0,244,,259.2,251.2,,18,"
"85,Matt Ryan\RyanMa00,ATL,QB,30,16,16,407,614,4591,21,16,36,63,1.75,0,0,0,0,,0,236,,257.9,249.9,,19,"
"86,Ben Roethlisberger*\RoetBe00,PIT,QB,33,12,11,319,469,3938,21,16,15,29,1.93,0,0,0,-3,,0,234,,247.1,244.1,,20,"
"87,Jay Cutler\CutlJa00,CHI,QB,32,15,15,311,483,3659,21,11,38,201,5.29,1,0,0,0,,0,230,,248.5,237.5,,21,"
"88,Marcus Mariota\MariMa01,TEN,QB,22,12,12,230,370,2818,19,10,34,252,7.41,2,1,1,41,41.00,1,210,,233.0,220.5,,22,"
"89,Teddy Bridgewater*\BridTe00,MIN,QB,23,16,16,292,447,3231,14,9,44,192,4.36,3,0,0,0,,0,200,,218.4,209.4,,23,"
"90,Sam Bradford\BradSa00,PHI,QB,28,14,14,346,532,3725,19,14,26,39,1.50,0,0,0,0,,0,195,,214.9,208.9,,24,"
"91,Brian Hoyer\HoyeBr00,HOU,QB,30,11,9,224,369,2606,19,7,15,44,2.93,0,0,0,0,,0,169,,178.6,173.6,,25,"
"92,Joe Flacco\FlacJo00,BAL,QB,30,10,10,266,413,2791,14,12,13,23,1.77,3,0,0,0,,0,166,,178.9,173.9,,26,"
"93,Josh McCown\McCoJo01,CLE,QB,36,8,8,186,292,2109,12,4,20,98,4.90,1,0,0,0,,0,136,,145.2,136.2,,27,"
"94,Andrew Luck\LuckAn00,IND,QB,26,7,7,162,293,1881,15,12,33,196,5.94,0,0,0,0,,0,133,,149.8,142.8,,28,"
"95,Blaine Gabbert\GabbBl00,SFO,QB,26,8,8,178,282,2031,10,7,32,185,5.78,1,0,0,0,,0,130,,143.7,136.7,,29,"
"96,Kamar Aiken\AikeKa00,BAL,WR,26,16,14,0,0,0,0,0,0,0,,0,127,75,944,12.59,5,124,,201.4,159.9,,31,"
"97,Randall Cobb\CobbRa00,GNB,WR,25,16,15,0,0,0,0,0,13,50,3.85,0,129,79,829,10.49,6,124,,211.9,169.4,,32,"
"98,Michael Floyd\FloyMi00,ARI,WR,26,15,6,0,0,0,0,0,0,0,,0,89,52,849,16.33,6,121,,175.9,146.9,,34,"
"99,Eddie Lacy\LacyEd00,GNB,RB,24,15,12,0,0,0,0,0,187,758,4.05,3,28,20,188,9.40,2,121,,148.6,130.6,,26,"
"100,Thomas Rawls\RawlTh00,SEA,RB,22,13,7,0,0,0,0,0,147,830,5.65,4,11,9,76,8.44,1,121,,131.6,123.1,,25,"
"101,Golden Tate\TateGo00,DET,WR,27,16,16,0,0,0,0,0,6,41,6.83,0,128,90,813,9.03,6,121,,213.4,164.4,,33,"
"102,Martavis Bryant\BryaMa00,PIT,WR,24,11,5,0,0,0,0,0,5,37,7.40,1,92,50,765,15.30,6,120,,174.2,145.2,,35,"
"103,T.J. Yeldon\YeldT.00,JAX,RB,22,12,12,0,0,0,0,0,182,740,4.07,2,46,36,279,7.75,1,120,,161.9,137.9,,27,"
"104,Isaiah Crowell\CrowIs00,CLE,RB,22,16,9,0,0,0,0,0,185,706,3.82,4,22,19,182,9.58,1,119,,143.8,128.3,,28,"
"105,Brock Osweiler\OsweBr00,DEN,QB,25,8,7,170,275,1967,10,6,21,61,2.90,1,0,0,0,,0,119,,126.8,122.8,,30,"
"106,LeGarrette Blount\BlouLe00,NWE,RB,29,12,6,0,0,0,0,0,165,703,4.26,6,7,6,43,7.17,1,117,,125.6,119.6,,29,"
"107,C.J. Anderson\AndeC.00,DEN,RB,24,15,5,0,0,0,0,0,152,720,4.74,5,36,25,183,7.32,0,116,,149.3,128.8,,31,"
"108,Pierre Garcon\GarcPi00,WAS,WR,29,16,16,0,0,0,0,0,0,0,,0,111,72,777,10.79,6,116,,188.7,149.7,,36,"
"109,Willie Snead\SneaWi00,NOR,RB,23,15,9,0,0,0,0,0,0,0,,0,101,69,984,14.26,3,116,,187.4,148.9,,30,"
"110,Charcandrick West\WestCh01,KAN,RB,24,15,9,0,0,0,0,0,160,634,3.96,4,34,20,214,10.70,1,113,,139.8,122.8,,33,"
"111,Karlos Williams\WillKa01,BUF,RB,22,11,3,0,0,0,0,0,93,517,5.56,7,14,11,96,8.73,2,113,,128.3,118.8,,32,"
"112,Julian Edelman\EdelJu00,NWE,WR,29,9,9,0,0,0,0,0,3,23,7.67,0,88,61,692,11.34,7,112,,176.5,142.0,,37,"
"113,Colin Kaepernick\KaepCo00,SFO,QB,28,9,8,144,244,1615,6,5,45,256,5.69,1,0,0,0,,0,112,,122.2,115.2,,31,"
"114,Marvin Jones\JoneMa02,CIN,RB,25,16,13,0,0,0,0,0,5,33,6.60,0,103,65,816,12.55,4,109,,176.9,141.4,,34,"
"115,Donte Moncrief\MoncDo00,IND,WR,22,16,10,0,0,0,0,0,0,0,,0,105,64,733,11.45,6,109,,176.3,141.3,,38,"
"116,Markus Wheaton\WheaMa00,PIT,WR,24,16,8,0,0,0,0,0,0,0,,0,79,44,749,17.02,5,109,,153.9,128.9,,39,"
"117,Alshon Jeffery\JeffAl00,CHI,WR,25,9,8,0,0,0,0,0,0,0,,0,94,54,807,14.94,4,105,,161.7,131.7,,40,"
"118,Ryan Mathews\MathRy00,PHI,RB,28,13,6,0,0,0,0,0,106,539,5.08,6,28,20,146,7.30,1,105,,133.5,114.5,,35,"
"119,Anquan Boldin\BoldAn00,SFO,WR,35,14,13,0,0,0,0,0,0,0,,0,111,69,789,11.43,4,103,,173.9,135.4,,41,"
"120,Duke Johnson\JohnDu00,CLE,RB,22,16,7,0,0,0,0,0,104,379,3.64,0,74,61,534,8.75,2,103,,170.3,133.8,,36,"
"121,Tyler Lockett*+\LockTy00,SEA,WR,23,16,8,0,0,0,0,0,5,20,4.00,0,69,51,664,13.02,6,102,,169.4,139.9,,42,"
"122,Terrance Williams\WillTe01,DAL,WR,26,16,13,0,0,0,0,0,0,0,,0,93,52,840,16.15,3,102,,157.0,128.0,,43,"
"123,Javorius Allen\AlleJa01,BAL,RB,24,16,6,0,0,0,0,0,137,514,3.75,1,62,45,353,7.84,2,101,,153.7,123.2,,38,"
"124,Chris Johnson\JohnCh04,ARI,RB,30,11,9,0,0,0,0,0,196,814,4.15,3,13,6,58,9.67,0,101,,112.2,104.2,,37,"
"125,Jermaine Kearse\KearJe01,SEA,WR,25,16,16,0,0,0,0,0,0,0,,0,68,49,685,13.98,5,101,,150.5,123.0,,44,"
"126,Shane Vereen\VereSh00,NYG,RB,26,16,0,0,0,0,0,0,61,260,4.26,0,81,59,495,8.39,4,100,,164.5,129.0,,39,"
"127,Theo Riddick\RiddTh00,DET,RB,24,16,1,0,0,0,0,0,43,133,3.09,0,99,80,697,8.71,3,99,,186.0,139.0,,40,"
"128,Keenan Allen\AlleKe00,SDG,WR,23,8,8,0,0,0,0,0,0,0,,0,89,67,725,10.82,4,97,,165.5,128.0,,46,"
"129,Alfred Blue\BlueAl00,HOU,RB,24,15,9,0,0,0,0,0,183,698,3.81,2,16,15,109,7.27,1,97,,118.7,104.2,,41,"
"130,Stefon Diggs\DiggSt00,MIN,WR,22,13,9,0,0,0,0,0,3,13,4.33,0,84,52,720,13.85,4,97,,152.3,123.3,,45,"
"131,Nick Foles\FoleNi00,STL,QB,26,11,11,190,337,2052,7,10,17,20,1.18,1,0,0,0,,0,96,,111.1,106.1,,32,"
"132,Matt Jones\JoneMa04,WAS,RB,22,13,0,0,0,0,0,0,144,490,3.40,3,25,19,304,16.00,1,95,,124.4,104.9,,42,"
"133,Peyton Manning\MannPe00,DEN,QB,39,10,9,198,331,2249,9,17,6,-6,-1.00,0,0,0,0,,0,95,,111.4,108.4,,33,"
"134,Johnny Manziel\ManzJo00,CLE,QB,23,10,6,129,223,1500,7,5,37,230,6.22,0,0,0,0,,0,95,,109.0,100.0,,34,"
"135,Darren Sproles*\SproDa00,PHI,WR,32,16,4,0,0,0,0,0,83,317,3.82,3,83,55,388,7.05,1,95,,167.5,134.0,,47,"
"136,Justin Forsett\ForsJu00,BAL,RB,30,10,10,0,0,0,0,0,151,641,4.25,2,41,31,153,4.94,0,93,,128.4,106.9,,43,"
"137,Ameer Abdullah\AbduAm00,DET,RB,22,16,9,0,0,0,0,0,143,597,4.17,2,38,25,183,7.32,1,92,,125.0,104.5,,44,"
"138,Torrey Smith\SmitTo02,SFO,WR,26,16,12,0,0,0,0,0,0,0,,0,62,33,663,20.09,4,92,,128.3,108.8,,48,"
"139,Antonio Andrews\AndrAn00,TEN,RB,23,14,10,1,1,41,1,0,143,520,3.64,3,29,21,174,8.29,0,91,,119.0,101.5,,45,"
"140,Matt Hasselbeck\HassMa00,IND,QB,40,8,8,156,256,1690,9,5,16,15,0.94,0,0,0,0,,0,91,,101.1,96.1,,35,"
"141,Rishard Matthews\MattRi00,MIA,WR,26,11,11,0,0,0,0,0,1,4,4.00,0,61,43,662,15.40,4,91,,136.6,112.1,,49,"
"142,Nate Washington\WashNa00,HOU,WR,32,14,14,0,0,0,0,0,0,0,,0,94,47,658,14.00,4,90,,139.8,113.3,,50,"
"143,Bilal Powell\PoweBi00,NYJ,RB,27,11,2,0,0,0,0,0,70,313,4.47,1,63,47,388,8.26,2,88,,141.1,111.6,,46,"
"144,Le'Veon Bell\BellLe00,PIT,RB,23,6,6,0,0,0,0,0,113,556,4.92,3,26,24,136,5.67,0,87,,117.2,99.2,,47,"
"145,Alfred Morris\MorrAl00,WAS,RB,27,16,16,0,0,0,0,0,202,751,3.72,1,13,10,55,5.50,0,87,,99.6,91.6,,48,"
"146,Joique Bell\BellJo01,DET,RB,29,13,5,0,0,0,0,0,90,311,3.46,4,27,22,286,13.00,0,86,,111.7,94.7,,49,"
"147,Kenny Britt\BritKe00,STL,WR,27,16,13,0,0,0,0,0,0,0,,0,72,36,681,18.92,3,86,,125.1,104.1,,51,"
"148,Steve Smith\SmitSt01,BAL,WR,36,7,7,0,0,0,0,0,0,0,,0,73,46,670,14.57,3,85,,134.0,108.0,,52,"
"149,Eric Ebron\EbroEr00,DET,TE,22,14,8,0,0,0,0,0,0,0,,0,70,47,537,11.43,5,84,,133.7,107.2,,12,"
"150,Dion Lewis\LewiDi00,NWE,RB,25,7,6,0,0,0,0,0,49,234,4.78,2,50,36,388,10.78,2,84,,127.2,102.2,,50,"
"151,Danny Amendola\AmenDa00,NWE,WR,30,14,7,1,1,36,0,0,2,11,5.50,0,87,65,648,9.97,3,83,,152.3,115.8,,53,"
"152,James White\WhitJa02,NWE,RB,23,14,1,0,0,0,0,0,22,56,2.55,2,54,40,410,10.25,4,83,,125.6,102.6,,51,"
"153,Dorial Green-Beckham\GreeDo00,TEN,WR,22,16,5,0,0,0,0,0,0,0,,0,67,32,549,17.16,4,81,,115.9,96.9,,54,"
"154,Cole Beasley\BeasCo00,DAL,WR,26,16,3,0,0,0,0,0,0,0,,0,75,52,536,10.31,5,80,,136.6,105.6,,56,"
"155,Jamaal Charles\CharJa00,KAN,RB,29,5,5,0,0,0,0,0,71,364,5.13,4,29,21,177,8.43,1,80,,109.1,90.6,,52,"
"156,Seth Roberts\RobeSe00,OAK,WR,24,16,5,0,0,0,0,0,0,0,,0,55,32,480,15.00,5,80,,115.0,96.0,,55,"
"157,Kyle Rudolph\RudoKy00,MIN,TE,26,16,16,0,0,0,0,0,0,0,,0,73,49,495,10.10,5,80,,131.5,104.0,,13,"
"158,Marques Colston\ColsMa00,NOR,WR,32,13,5,0,0,0,0,0,0,0,,0,67,45,520,11.56,4,78,,124.0,98.5,,57,"
"159,Julius Thomas\ThomJu00,JAX,TE,27,12,11,0,0,0,0,0,0,0,,0,80,46,455,9.89,5,78,,124.5,98.5,,14,"
"160,Spencer Ware\WareSp00,KAN,RB,24,11,2,0,0,0,0,0,72,403,5.60,6,6,6,5,0.83,0,77,,85.8,79.8,,53,"
"161,Andre Johnson\JohnAn02,IND,WR,34,16,14,0,0,0,0,0,0,0,,0,77,41,503,12.27,4,76,,118.3,94.8,,58,"
"162,Jamison Crowder\CrowJa00,WAS,WR,22,16,6,0,1,0,0,0,2,2,1.00,0,78,59,604,10.24,2,75,,137.6,104.1,,61,"
"163,Devin Funchess\FuncDe00,CAR,WR,21,16,5,0,0,0,0,0,0,0,,0,63,31,473,15.26,5,75,,110.3,90.8,,59,"
"164,Melvin Gordon\GordMe00,SDG,RB,22,14,13,0,0,0,0,0,184,641,3.48,0,37,33,192,5.82,0,75,,118.3,91.8,,54,"
"165,Jimmy Graham\GrahJi00,SEA,TE,29,11,11,0,0,0,0,0,0,0,,0,74,48,605,12.60,2,75,,123.5,96.5,,15,"
"166,DeSean Jackson\JackDe00,WAS,WR,29,10,9,0,0,0,0,0,0,0,,0,49,30,528,17.60,4,75,,108.8,89.8,,60,"
"167,Tim Hightower\HighTi00,NOR,RB,29,8,3,0,0,0,0,0,96,375,3.91,4,13,12,129,10.75,0,74,,92.4,80.4,,55,"
"168,Vincent Jackson\JackVi00,TAM,WR,32,10,9,0,0,0,0,0,0,0,,0,62,33,543,16.45,3,74,,110.3,90.8,,62,"
"169,Zach Miller\MillZa02,CHI,TE,31,15,14,0,0,0,0,0,0,0,,0,46,34,439,12.91,5,74,,110.9,90.9,,16,"
"170,Corey Brown\BrowPh00,CAR,WR,24,14,11,0,0,0,0,0,6,38,6.33,0,54,31,447,14.42,4,73,,106.5,88.0,,63,"
"171,Malcom Floyd\FloyMa00,SDG,WR,34,15,13,0,0,0,0,0,0,0,,0,68,30,561,18.70,3,72,,106.1,87.1,,64,"
"172,Jacob Tamme\TammJa00,ATL,TE,30,15,8,0,0,0,0,0,0,0,,0,81,59,657,11.14,1,72,,133.7,101.2,,17,"
"173,Charles Clay\ClayCh00,BUF,TE,26,13,13,0,0,0,0,0,0,0,,0,77,51,528,10.35,3,71,,124.8,96.3,,19,"
"174,Ladarius Green\GreeLa00,SDG,TE,25,13,11,0,0,0,0,0,0,0,,0,63,37,429,11.59,4,71,,110.9,89.4,,18,"
"175,Ryan Mallett\MallRy00,2TM,QB,27,8,6,136,244,1336,5,6,5,15,3.00,1,0,0,0,,0,71,,79.9,76.9,,36,"
"176,Robert Woods\WoodRo02,BUF,WR,23,14,9,0,0,0,0,0,1,0,0.00,0,80,47,552,11.74,3,71,,122.2,94.7,,65,"
"177,Owen Daniels\DaniOw00,DEN,TE,33,16,16,0,0,0,0,0,0,0,,0,77,46,517,11.24,3,70,,118.7,92.7,,20,"
"178,Carlos Hyde\HydeCa00,SFO,RB,25,7,7,0,0,0,0,0,115,470,4.09,3,15,11,53,4.82,0,70,,84.3,75.8,,56,"
"179,Marshawn Lynch\LyncMa00,SEA,RB,29,7,6,0,0,0,0,0,111,417,3.76,3,21,13,80,6.15,0,70,,85.7,76.2,,57,"
"180,Coby Fleener\FleeCo00,IND,TE,27,16,11,0,0,0,0,0,0,0,,0,84,54,491,9.09,3,69,,126.1,96.1,,21,"
"181,DeVante Parker\ParkDe01,MIA,WR,22,15,4,0,0,0,0,0,0,0,,0,50,26,494,19.00,3,69,,96.4,80.4,,66,"
"182,Jerricho Cotchery\CotcJe00,CAR,WR,33,14,3,0,0,0,0,0,1,16,16.00,0,54,39,485,12.44,3,68,,110.1,87.6,,67,"
"183,Steve Johnson\JohnSt00,SDG,WR,29,10,8,0,0,0,0,0,0,0,,0,65,45,497,11.04,3,68,,115.7,90.2,,69,"
"184,Heath Miller\MillHe00,PIT,TE,33,15,15,0,0,0,0,0,1,2,2.00,0,81,60,535,8.92,2,68,,130.7,97.7,,22,"
"185,Cecil Shorts\ShorCe00,HOU,WR,28,11,4,1,1,21,1,0,10,47,4.70,0,75,42,484,11.52,2,68,,113.9,88.9,,68,"
"186,Matt Cassel\CassMa00,2TM,QB,33,10,8,119,204,1276,5,7,15,78,5.20,0,0,0,0,,0,67,,76.8,73.8,,37,"
"187,Mike Tolbert*+\TolbMi00,CAR,RB,30,16,3,0,0,0,0,0,62,256,4.13,1,23,18,154,8.56,3,67,,89.0,74.0,,58,"
"188,Brandon Weeden\WeedBr00,2TM,QB,32,6,4,97,140,1043,5,2,16,47,2.94,1,0,0,0,,0,66,,72.4,68.4,,38,"
"189,Crockett Gillmore\GillCr00,BAL,TE,24,10,10,0,0,0,0,0,0,0,,0,47,33,412,12.48,4,65,,101.2,81.7,,23,"
"190,Dwayne Harris\HarrDw00,NYG,WR,28,15,6,0,0,0,0,0,2,12,6.00,0,57,36,396,11.00,4,65,,115.8,94.8,,70,"
"191,Dontrelle Inman\InmaDo00,SDG,WR,26,14,7,0,0,0,0,0,0,0,,0,63,35,486,13.89,3,65,,103.6,82.1,,71,"
"192,Brian Hartline\HartBr00,CLE,WR,29,12,4,0,0,0,0,0,0,0,,0,77,46,523,11.37,2,64,,113.3,87.3,,72,"
"193,Joseph Randle\RandJo01,DAL,RB,24,6,6,0,0,0,0,0,76,315,4.14,4,10,10,86,8.60,0,64,,77.1,69.1,,59,"
"194,Martellus Bennett\BennMa00,CHI,TE,28,11,11,0,0,0,0,0,0,0,,0,80,53,439,8.28,3,62,,117.9,88.4,,24,"
"195,Jonathan Grimes\GrimJo01,HOU,RB,26,14,0,0,1,0,0,0,56,282,5.04,1,31,26,173,6.65,1,62,,91.5,72.5,,61,"
"196,Jerick McKinnon\McKiJe00,MIN,RB,23,16,0,0,0,0,0,0,52,271,5.21,2,29,21,173,8.24,1,62,,89.4,72.9,,60,"
"197,Kenny Stills\StilKe00,MIA,WR,23,16,8,0,0,0,0,0,0,0,,0,63,27,440,16.30,3,62,,92.0,75.5,,74,"
"198,Will Tye\TyexWi00,NYG,WR,24,13,7,0,0,0,0,0,0,0,,0,62,42,464,11.05,3,62,,108.4,83.4,,73,"
"199,Dexter McCluster\McClDe00,TEN,RB,26,11,2,0,0,0,0,0,55,247,4.49,1,41,31,260,8.39,1,61,,99.7,76.2,,62,"
"200,Kendall Wright\WrigKe01,TEN,WR,26,10,9,0,0,0,0,0,5,17,3.40,0,60,36,408,11.33,3,61,,99.5,78.5,,75,"
"201,Andre Ellington\ElliAn00,ARI,RB,26,10,3,0,0,0,0,0,45,289,6.42,3,24,15,148,9.87,0,60,,81.7,67.2,,63,"
"202,Mike Wallace\WallMi00,MIN,WR,29,16,12,0,0,0,0,0,1,6,6.00,0,72,39,473,12.13,2,60,,101.9,79.4,,76,"
"203,Albert Wilson\WilsAl02,KAN,WR,23,14,12,0,0,0,0,0,5,26,5.20,0,57,35,451,12.89,2,60,,97.7,77.2,,77,"
"204,Mohamed Sanu\SanuMo00,CIN,WR,26,16,4,0,0,0,0,0,10,71,7.10,2,49,33,394,11.94,0,59,,94.5,75.0,,78,"
"205,Davante Adams\AdamDa01,GNB,WR,23,13,12,0,0,0,0,0,0,0,,0,94,50,483,9.66,1,58,,109.3,81.3,,79,"
"206,Dez Bryant\BryaDe01,DAL,WR,27,9,9,0,0,0,0,0,0,0,,0,72,31,401,12.94,3,58,,92.1,73.6,,80,"
"207,Brent Celek\CeleBr00,PHI,TE,30,16,13,0,0,0,0,0,0,0,,0,35,27,398,14.74,3,58,,87.8,71.3,,26,"
"208,Chris Hogan\HogaCh00,BUF,WR,27,16,4,1,1,4,0,0,1,4,4.00,0,59,36,450,12.50,2,58,,96.6,75.6,,81,"
"209,Austin Seferian-Jenkins\SefeAu00,TAM,TE,23,7,3,0,0,0,0,0,0,0,,0,39,21,338,16.10,4,58,,81.8,68.3,,25,"
"210,Chris Thompson\ThomCh03,WAS,RB,25,13,0,0,0,0,0,0,35,216,6.17,0,48,35,240,6.86,2,58,,98.6,75.1,,64,"
"211,Jordan Cameron\CameJo00,MIA,TE,27,16,16,0,0,0,0,0,0,0,,0,70,35,386,11.03,3,57,,94.6,74.1,,27,"
"212,Brandon Coleman\ColeBr00,NOR,WR,23,16,3,0,0,0,0,0,0,0,,0,49,30,454,15.13,2,57,,90.4,72.4,,82,"
"213,Roddy White\WhitRo00,ATL,WR,34,16,16,0,0,0,0,0,0,0,,0,70,43,506,11.77,1,57,,102.6,78.1,,83,"
"214,Kyle Juszczyk\JuszKy00,BAL,RB,24,16,11,0,0,0,0,0,2,3,1.50,0,56,41,321,7.83,4,56,,100.4,76.9,,65,"
"215,Lance Moore\MoorLa00,DET,WR,32,14,8,0,0,0,0,0,0,0,,0,43,29,337,11.62,4,56,,88.7,70.2,,84,"
"216,Chris Polk\PolkCh00,HOU,RB,26,15,2,0,0,0,0,0,99,334,3.37,1,28,16,109,6.81,1,56,,78.3,64.3,,66,"
"217,Arian Foster\FostAr00,HOU,RB,29,4,4,0,0,0,0,0,63,163,2.59,1,28,22,227,10.32,2,55,,84.0,66.0,,67,"
"218,A.J. McCarron\McCaA.00,CIN,QB,25,7,3,79,119,854,6,2,14,31,2.21,0,0,0,0,,0,55,,61.3,57.3,,39,"
"219,Khiry Robinson\RobiKh00,NOR,RB,26,8,0,0,0,0,0,0,56,180,3.21,4,20,17,115,6.76,0,54,,76.5,62.0,,68,"
"220,Clive Walford\WalfCl00,OAK,TE,24,16,2,0,0,0,0,0,0,0,,0,50,28,329,11.75,3,53,,81.9,64.9,,28,"
"221,Brandon LaFell\LaFeBr00,NWE,WR,29,11,7,0,0,0,0,0,2,9,4.50,0,74,37,515,13.92,0,52,,92.4,70.9,,85,"
"222,Marquess Wilson\WilsMa02,CHI,WR,23,11,6,0,0,0,0,0,0,0,,0,51,28,464,16.57,1,52,,83.4,66.4,,86,"
"223,Brandon Bolden\BoldBr00,NWE,RB,25,15,2,0,0,0,0,0,63,207,3.29,0,30,19,180,9.47,2,51,,75.7,60.2,,70,"
"224,Harry Douglas\DougHa00,TEN,WR,31,14,12,0,0,0,0,0,1,-6,-6.00,0,72,36,411,11.42,2,51,,90.5,68.5,,88,"
"225,Shaun Draughn\DrauSh00,2TM,RB,28,11,6,0,0,0,0,0,78,273,3.50,1,35,27,176,6.52,0,51,,83.9,64.4,,69,"
"226,Leonard Hankerson\HankLe00,3TM,WR,27,10,0,0,0,0,0,0,0,0,,0,46,26,327,12.58,3,51,,79.7,63.7,,87,"
"227,Vance McDonald\McDoVa00,SFO,TE,25,14,11,0,0,0,0,0,0,0,,0,46,30,326,10.87,3,51,,83.6,65.6,,29,"
"228,Scott Chandler\ChanSc00,NWE,TE,30,15,4,0,0,0,0,0,0,0,,0,42,23,259,11.26,4,50,,75.9,61.4,,30,"
"229,Darren Fells\FellDa01,ARI,TE,29,14,12,0,0,0,0,0,0,0,,0,28,21,311,14.81,3,49,,73.1,59.6,,31,"
"230,Josh Huff\HuffJo00,PHI,WR,24,15,4,0,0,0,0,0,0,0,,0,42,27,312,11.56,3,49,,79.2,62.7,,89,"
"231,Marcel Reece*\ReecMa00,OAK,TE,30,15,7,0,0,0,0,0,10,36,3.60,0,37,30,269,8.97,3,49,,81.5,63.5,,32,"
"232,Jared Cook\CookJa02,STL,TE,28,16,12,0,0,0,0,0,0,0,,0,75,39,481,12.33,0,48,,91.1,67.6,,33,"
"233,Cameron Brate\BratCa00,TAM,TE,24,14,4,0,0,0,0,0,0,0,,0,30,23,288,12.52,3,47,,72.8,58.3,,34,"
"234,Denard Robinson\RobiDe00,JAX,RB,25,13,3,0,0,0,0,0,67,266,3.97,1,30,21,164,7.81,0,47,,75.0,57.5,,72,"
"235,C.J. Spiller\SpilC.00,NOR,RB,28,13,2,0,0,0,0,0,36,112,3.11,0,44,34,239,7.03,2,47,,87.1,64.1,,71,"
"236,Mike Gillislee\GillMi00,BUF,RB,25,5,1,0,0,0,0,0,47,267,5.68,3,7,6,29,4.83,0,46,,55.6,48.6,,74,"
"237,Fred Jackson\JackFr02,SEA,RB,34,16,0,0,0,0,0,0,26,100,3.85,0,41,32,257,8.03,2,46,,84.7,61.7,,73,"
"238,Quinton Patton\PattQu00,SFO,WR,25,16,4,0,0,0,0,0,1,5,5.00,0,57,30,394,13.13,1,46,,78.9,60.9,,90,"
"239,Riley Cooper\CoopRi00,PHI,WR,28,16,13,0,0,0,0,0,0,0,,0,41,21,327,15.57,2,45,,68.7,55.2,,93,"
"240,Darrius Heyward-Bey\HeywDa00,PIT,WR,28,16,4,0,0,0,0,0,0,0,,0,39,21,314,14.95,2,45,,67.4,53.9,,91,"
"241,Jarius Wright\WrigJa02,MIN,WR,26,16,3,0,0,0,0,0,1,29,29.00,0,50,34,442,13.00,0,45,,83.1,62.1,,92,"
"242,Andre Holmes\HolmAn00,OAK,WR,27,16,1,0,0,0,0,0,0,0,,0,33,14,201,14.36,4,44,,61.1,51.1,,94,"
"243,Case Keenum\KeenCa00,STL,QB,27,6,5,76,125,828,4,1,12,5,0.42,0,0,0,0,,0,44,,49.6,44.6,,41,"
"244,Zach Mettenberger\MettZa00,TEN,QB,24,7,4,101,166,935,4,7,9,8,0.89,1,0,0,0,,0,44,,54.2,49.2,,40,"
"245,Anthony Fasano\FasaAn00,TEN,TE,31,16,11,0,0,0,0,0,0,0,,0,42,26,289,11.12,2,43,,69.9,53.9,,35,"
"246,Chris Givens\GiveCh00,2TM,WR,26,15,6,0,0,0,0,0,4,18,4.50,0,54,20,353,17.65,1,43,,66.1,53.1,,95,"
"247,Bishop Sankey\SankBi00,TEN,RB,23,13,3,0,0,0,0,0,47,193,4.11,1,22,14,139,9.93,1,43,,64.2,50.2,,75,"
"248,Bryan Walters\WaltBr00,JAX,WR,28,11,1,0,1,0,0,0,0,0,,0,45,32,368,11.50,1,43,,77.8,58.8,,96,"
"249,JJ Nelson\NelsJJ00,ARI,WR,23,11,2,0,0,0,0,0,1,0,0.00,0,27,11,299,27.18,2,42,,54.9,45.4,,97,"
"250,Tevin Coleman\ColeTe01,ATL,RB,22,12,3,0,0,0,0,0,87,392,4.51,1,11,2,14,7.00,0,41,,48.6,41.6,,76,"
"251,Tony Romo\RomoTo00,DAL,QB,35,4,4,83,121,884,5,7,4,13,3.25,0,0,0,0,,0,41,,51.7,47.7,,42,"
"252,Vernon Davis\DaviVe00,2TM,TE,31,15,9,0,0,0,0,0,0,0,,0,58,38,395,10.39,0,40,,80.5,58.5,,36,"
"253,Benny Cunningham\CunnBe01,STL,RB,25,16,1,0,0,0,0,0,37,140,3.78,0,36,26,250,9.62,0,39,,71.0,52.0,,77,"
"254,Ryan Grant\GranRy01,WAS,WR,25,16,5,0,0,0,0,0,0,0,,0,42,23,268,11.65,2,39,,64.8,50.3,,98,"
"255,EJ Manuel\ManuEJ00,BUF,QB,25,7,2,52,84,561,3,3,17,64,3.76,1,0,0,0,,0,39,,45.8,41.8,,43,"
"256,Donald Brown\BrowDo00,SDG,RB,28,9,2,0,0,0,0,0,59,229,3.88,1,13,8,88,11.00,0,38,,48.7,41.7,,78,"
"257,Keshawn Martin\MartKe01,NWE,WR,25,9,8,0,0,0,0,0,1,6,6.00,0,37,24,269,11.21,2,38,,65.5,49.5,,99,"
"258,Garrett Celek\CeleGa00,SFO,TE,27,11,8,0,0,0,0,0,0,0,,0,28,19,186,9.79,3,37,,58.6,46.1,,38,"
"259,Ryan Griffin\GrifRy00,HOU,TE,25,9,4,0,0,0,0,0,0,0,,0,34,20,251,12.55,2,37,,60.1,47.1,,37,"
"260,Lance Kendricks\KendLa00,STL,TE,27,15,12,0,0,0,0,0,0,0,,0,36,25,245,9.80,2,37,,64.5,49.0,,39,"
"261,Jay Ajayi\AjayJa00,MIA,RB,22,9,0,0,0,0,0,0,49,187,3.82,1,11,7,90,12.86,0,36,,45.7,39.2,,79,"
"262,Jeremy Butler\ButlJe01,BAL,WR,24,8,0,0,0,0,0,0,0,0,,0,44,31,363,11.71,0,36,,70.3,51.8,,100,"
"263,Percy Harvin\HarvPe00,BUF,WR,27,5,5,0,0,0,0,0,5,31,6.20,0,30,19,218,11.47,1,35,,52.9,40.4,,101,"
"264,Josh Bellamy\BellJo02,CHI,WR,26,16,3,0,0,0,0,0,0,0,,0,34,19,224,11.79,2,34,,56.4,43.9,,102,"
"265,Ka'Deem Carey\CareKa00,CHI,RB,23,10,1,0,0,0,0,0,43,159,3.70,2,3,3,19,6.33,1,34,,40.8,35.3,,81,"
"266,Larry Donnell\DonnLa00,NYG,TE,27,8,8,0,0,0,0,0,0,0,,0,41,29,223,7.69,2,34,,66.3,48.8,,40,"
"267,Adam Humphries\HumpAd00,TAM,WR,22,13,0,0,0,0,0,0,0,0,,0,40,27,260,9.63,1,34,,62.0,45.5,,104,"
"268,Tre Mason\MasoTr00,STL,RB,22,13,3,0,0,0,0,0,75,207,2.76,1,25,18,88,4.89,0,34,,55.5,42.5,,82,"
"269,Mychal Rivera\RiveMy00,OAK,TE,25,16,0,0,0,0,0,0,0,0,,0,46,32,280,8.75,1,34,,69.0,50.0,,41,"
"270,Jaelen Strong\StroJa01,HOU,WR,21,10,1,0,0,0,0,0,0,0,,0,24,14,161,11.50,3,34,,51.1,41.1,,103,"
"271,Andre Williams\WillAn00,NYG,RB,23,16,0,0,0,0,0,0,88,257,2.92,1,3,1,7,7.00,0,34,,38.4,34.9,,80,"
"272,Ahmad Bradshaw\BradAh00,IND,RB,29,6,0,0,0,0,0,0,31,85,2.74,0,14,10,64,6.40,3,33,,42.9,37.9,,83,"
"273,Jimmy Clausen\ClauJi00,2TM,QB,28,5,3,72,125,739,2,4,11,36,3.27,0,0,0,0,,0,33,,40.2,37.2,,44,"
"274,Kellen Moore\MoorKe02,DAL,QB,27,3,2,61,104,779,4,6,2,-1,-0.50,0,0,0,0,,0,33,,43.1,39.1,,45,"
"275,Mark Sanchez\SancMa00,PHI,QB,29,4,2,59,91,616,4,4,6,22,3.67,0,0,0,0,,0,33,,40.8,36.8,,46,"
"276,Maxx Williams\WillMa04,BAL,TE,21,14,7,0,0,0,0,0,0,0,,0,48,32,268,8.38,1,33,,67.8,48.8,,42,"
"277,Nelson Agholor\AghoNe00,PHI,WR,22,13,12,0,0,0,0,0,0,0,,0,44,23,283,12.30,1,32,,59.3,43.8,,106,"
"278,Quincy Enunwa\EnunQu00,NYJ,WR,23,12,6,0,0,0,0,0,0,0,,0,46,22,315,14.32,0,32,,56.5,42.5,,107,"
"279,Justin Hunter\HuntJu00,TEN,WR,24,9,5,0,0,0,0,0,0,0,,0,31,22,264,12.00,1,32,,57.4,43.4,,105,"
"280,Michael Vick\VickMi00,PIT,QB,35,5,3,40,66,371,2,1,20,99,4.95,0,0,0,0,,0,31,,34.7,31.7,,47,"
"281,Cameron Artis-Payne\ArtiCa00,CAR,RB,23,7,0,0,0,0,0,0,45,183,4.07,1,5,5,58,11.60,0,30,,38.1,32.6,,84,"
"282,Marc Mariani\MariMa00,CHI,WR,28,16,5,0,0,0,0,0,0,0,,0,33,22,300,13.64,0,30,,54.0,39.0,,108,"
"283,Eddie Royal\RoyaEd00,CHI,WR,29,9,9,0,0,0,0,0,1,-1,-1.00,0,50,37,238,6.43,1,30,,69.7,48.2,,109,"
"284,Marqise Lee\LeexMa00,JAX,WR,24,10,1,0,0,0,0,0,5,38,7.60,0,32,15,191,12.73,1,29,,46.9,36.4,,110,"
"285,Zach Line\LineZa01,MIN,RB,25,16,5,0,0,0,0,0,6,10,1.67,2,9,6,95,15.83,1,29,,34.5,31.5,,85,"
"286,Matt Schaub\SchaMa00,BAL,QB,34,2,2,52,80,540,3,4,4,10,2.50,0,0,0,0,,0,29,,33.6,30.6,,48,"
"287,Miles Austin\AustMi00,PHI,WR,31,11,1,0,0,0,0,0,0,0,,0,31,13,224,17.23,1,28,,44.4,34.9,,111,"
"288,Travaris Cadet\CadeTr00,3TM,RB,26,7,1,0,1,0,0,0,11,28,2.55,0,22,17,214,12.59,1,28,,49.2,36.7,,86,"
"289,Phillip Dorsett\DorsPh00,IND,WR,22,11,0,0,0,0,0,0,3,17,5.67,0,39,18,225,12.50,1,28,,50.2,37.2,,113,"
"290,Lance Dunbar\DunbLa00,DAL,RB,25,4,0,0,0,0,0,0,5,67,13.40,0,23,21,215,10.24,0,28,,52.2,38.7,,88,"
"291,Jermaine Gresham\GresJe00,ARI,WR,27,15,12,0,0,0,0,0,0,0,,0,32,18,223,12.39,1,28,,49.3,37.3,,112,"
"292,Andrew Hawkins\HawkAn00,CLE,WR,29,8,8,0,0,0,0,0,0,0,,0,43,27,276,10.22,0,28,,58.6,41.1,,115,"
"293,Robert Turbin\TurbRo00,2TM,RB,26,10,0,0,0,0,0,0,50,199,3.98,1,10,7,23,3.29,0,28,,38.2,31.7,,87,"
"294,Nick Williams\WillNi02,ATL,WR,25,14,0,0,0,0,0,0,0,0,,0,25,17,159,9.35,2,28,,47.9,36.4,,114,"
"295,DuJuan Harris\HarrDu01,2TM,RB,27,4,1,0,0,0,0,0,48,189,3.94,0,14,9,97,10.78,0,27,,39.6,31.1,,89,"
"296,Greg Jennings\JennGr00,MIA,WR,32,16,5,0,0,0,0,0,0,0,,0,36,19,208,10.95,1,27,,48.8,36.3,,119,"
"297,Jeremy Kerley\KerlJe00,NYJ,WR,27,16,1,0,0,0,0,0,0,0,,0,26,16,152,9.50,2,27,,46.2,35.2,,117,"
"298,Ty Montgomery\MontTy01,GNB,WR,22,6,3,0,0,0,0,0,3,14,4.67,0,19,15,136,9.07,2,27,,45.0,34.5,,118,"
"299,De'Anthony Thomas\ThomDe05,KAN,WR,22,10,1,0,0,0,0,0,9,34,3.78,1,25,17,140,8.24,1,27,,48.4,35.9,,116,"
"300,Luke Willson\WillLu00,SEA,TE,25,14,7,0,0,0,0,0,0,0,,0,26,17,213,12.53,1,27,,47.3,35.8,,43,"
"301,Brice Butler\ButlBr00,DAL,WR,25,7,2,0,0,0,0,0,0,0,,0,26,12,258,21.50,0,26,,40.8,31.8,,121,"
"302,Chris Conley\ConlCh00,KAN,WR,23,16,5,0,0,0,0,0,0,0,,0,31,17,199,11.71,1,26,,45.9,34.4,,120,"
"303,Christine Michael\MichCh00,2TM,RB,25,8,2,0,0,0,0,0,54,243,4.50,0,6,3,16,5.33,0,26,,31.9,27.4,,90,"
"304,Jonas Gray\GrayJo00,2TM,RB,25,8,0,0,0,0,0,0,45,176,3.91,0,8,7,76,10.86,0,25,,35.2,28.7,,92,"
"305,Jamize Olawale\OlawJa00,OAK,RB,26,14,3,0,0,0,0,0,24,110,4.58,1,11,9,84,9.33,0,25,,37.4,29.9,,91,"
"306,Matt Asiata\AsiaMa00,MIN,RB,28,16,0,0,0,0,0,0,29,112,3.86,0,22,19,132,6.95,0,24,,49.4,33.9,,93,"
"307,Stedman Bailey\BailSt01,STL,WR,25,8,3,0,0,0,0,0,0,0,,0,25,12,182,15.17,1,24,,39.2,30.2,,123,"
"308,Orleans Darkwa\DarkOr00,NYG,RB,23,16,0,0,0,0,0,0,36,153,4.25,1,5,3,31,10.33,0,24,,30.4,25.9,,94,"
"309,Ed Dickson\DickEd00,CAR,TE,28,16,11,0,0,0,0,0,0,0,,0,26,17,121,7.12,2,24,,50.1,38.6,,45,"
"310,Taylor Gabriel\GabrTa00,CLE,WR,24,13,4,0,0,0,0,0,0,0,,0,48,28,241,8.61,0,24,,56.1,38.1,,124,"
"311,Josh Hill\HillJo02,NOR,TE,25,16,7,0,0,0,0,0,0,0,,0,30,16,120,7.50,2,24,,43.0,32.0,,46,"
"312,Michael Hoomanawanui\HoomMi00,2TM,TE,27,14,8,0,0,0,0,0,1,0,0.00,0,16,11,76,6.91,3,24,,35.6,29.1,,47,"
"313,Landry Jones\JoneLa02,PIT,QB,26,7,2,32,55,513,3,4,5,-5,-1.00,0,0,0,0,,0,24,,30.0,26.0,,49,"
"314,Rashad Ross\RossRa00,WAS,WR,25,13,0,0,0,0,0,0,0,0,,0,13,8,184,23.00,1,24,,41.4,34.4,,122,"
"315,Craig Stevens\StevCr00,TEN,TE,31,16,11,0,0,0,0,0,0,0,,0,16,12,121,10.08,2,24,,39.1,30.1,,44,"
"316,Damien Williams\WillDa05,MIA,RB,23,16,0,0,0,0,0,0,16,59,3.69,0,28,21,142,6.76,1,24,,49.1,34.6,,95,"
"317,Patrick DiMarco*\DiMaPa00,ATL,RB,26,16,8,0,0,0,0,0,1,0,0.00,0,17,13,110,8.46,2,23,,39.0,29.5,,98,"
"318,Rashad Greene\GreeRa00,JAX,WR,23,9,0,0,0,0,0,0,0,0,,0,35,19,93,4.89,2,23,,46.3,36.8,,126,"
"319,Virgil Green\GreeVi00,DEN,RB,27,16,5,0,0,0,0,0,0,0,,0,15,12,173,14.42,1,23,,38.3,29.3,,96,"
"320,Clay Harbor\HarbCl00,JAX,TE,28,15,2,0,0,0,0,0,0,0,,0,20,14,149,10.64,1,23,,39.9,29.9,,48,"
"321,Marcedes Lewis\LewiMa00,JAX,TE,31,16,16,0,0,0,0,0,0,0,,0,37,16,226,14.13,0,23,,41.6,30.6,,49,"
"322,Adam Thielen\ThieAd00,MIN,WR,25,16,2,0,0,0,0,0,4,89,22.25,0,18,12,144,12.00,0,23,,38.3,29.3,,125,"
"323,Terron Ward\WardTe00,ATL,RB,23,13,0,0,0,0,0,0,29,95,3.28,1,13,9,73,8.11,0,23,,31.8,27.3,,99,"
"324,Griff Whalen\WhalGr00,IND,WR,25,14,0,0,0,0,0,0,0,0,,0,26,19,205,10.79,1,23,,46.5,32.0,,127,"
"325,Fozzy Whittaker\WhitFo00,CAR,RB,26,15,1,0,0,0,0,0,25,108,4.32,1,15,12,64,5.33,0,23,,38.2,29.2,,97,"
"326,T.J. Yates\YateT.00,HOU,QB,28,4,2,28,57,370,3,1,6,0,0.00,0,0,0,0,,0,23,,27.8,23.8,,50,"
"327,Bennie Fowler\FowlBe00,DEN,WR,24,16,1,0,0,0,0,0,0,0,,0,25,16,203,12.69,0,22,,39.3,28.3,,128,"
"328,Taiwan Jones\JoneTa00,OAK,RB,27,12,0,0,0,0,0,0,16,74,4.63,0,9,7,106,15.14,1,22,,33.0,25.5,,101,"
"329,Branden Oliver\OlivBr01,SDG,RB,24,8,1,0,0,0,0,0,31,108,3.48,0,15,13,112,8.62,0,22,,41.0,28.5,,100,"
"330,C.J. Fiedorowicz\FiedC.00,HOU,TE,24,16,14,0,0,0,0,0,0,0,,0,24,17,167,9.82,1,21,,41.7,29.2,,50,"
"331,Chris Matthews\MattCh00,2TM,WR,26,13,0,0,0,0,0,0,0,0,,0,25,13,151,11.62,1,21,,37.1,27.6,,129,"
"332,Bruce Miller\MillBr02,SFO,RB,28,16,5,0,0,0,0,0,6,14,2.33,1,14,10,135,13.50,0,21,,33.9,25.9,,104,"
"333,Jordan Norwood\NorwJo00,DEN,WR,29,11,5,0,0,0,0,0,0,0,,0,32,22,207,9.41,0,21,,45.7,31.7,,130,"
"334,Zac Stacy\StacZa00,NYJ,RB,24,8,0,0,0,0,0,0,31,89,2.87,1,12,9,65,7.22,0,21,,30.4,25.9,,102,"
"335,Terrance West\WestTe00,2TM,RB,24,8,0,0,0,0,0,0,62,231,3.73,0,5,4,21,5.25,0,21,,30.2,23.2,,103,"
"336,Jaron Brown\BrowJa03,ARI,WR,25,16,0,0,0,0,0,0,0,0,,0,23,11,144,13.09,1,20,,34.4,25.9,,131,"
"337,Andre Caldwell\CaldAn00,DEN,WR,30,14,0,0,0,0,0,0,1,3,3.00,0,22,10,72,7.20,2,20,,29.5,24.5,,133,"
"338,Derek Carrier\CarrDe00,WAS,RB,25,12,11,0,0,0,0,0,0,0,,0,22,17,141,8.29,1,20,,40.1,28.6,,107,"
"339,David Cobb\CobbDa00,TEN,RB,22,7,1,0,0,0,0,0,52,146,2.81,1,2,1,-2,-2.00,0,20,,24.4,20.9,,105,"
"340,Jalston Fowler\FowlJa00,TEN,RB,25,16,0,0,0,0,0,0,7,13,1.86,1,6,5,44,8.80,1,20,,22.7,20.2,,109,"
"341,John Kuhn*\KuhnJo00,GNB,RB,33,16,6,0,0,0,0,0,9,28,3.11,2,10,6,56,9.33,0,20,,26.4,23.4,,106,"
"342,Louis Murphy\MurpLo00,TAM,WR,28,6,1,0,0,0,0,0,0,0,,0,18,10,198,19.80,0,20,,32.8,24.8,,132,"
"343,Geno Smith\SmitGe00,NYJ,QB,25,1,0,27,42,265,2,1,2,34,17.00,0,0,0,0,,0,20,,21.0,21.0,,51,"
"344,Kerwynn Williams\WillKe05,ARI,RB,24,6,0,0,0,0,0,0,27,142,5.26,1,2,2,16,8.00,0,20,,25.8,20.8,,108,"
"345,Tim Wright\WrigTi01,DET,TE,25,9,1,0,0,0,0,0,0,0,,0,16,9,77,8.56,2,20,,28.7,24.2,,51,"
"346,Blake Bell\BellBl00,SFO,TE,24,14,5,0,0,0,0,0,0,0,,0,25,15,186,12.40,0,19,,36.6,26.1,,53,"
"347,Austin Davis\DaviAu00,CLE,QB,26,3,2,56,94,547,1,3,7,33,4.71,0,0,0,0,,0,19,,27.2,22.2,,52,"
"348,Donteea Dye\DyexDo00,TAM,WR,22,10,6,0,0,0,0,0,0,0,,0,30,11,132,12.00,1,19,,33.2,24.7,,135,"
"349,Justin Hardy\HardJu00,ATL,WR,24,9,1,0,0,0,0,0,0,0,,0,36,21,194,9.24,0,19,,43.4,29.9,,134,"
"350,Javontee Herndon\HernJa00,SDG,WR,24,8,2,0,0,0,0,0,1,13,13.00,0,33,24,195,8.13,0,19,,46.8,30.8,,136,"
"351,Tyler Kroft\KrofTy00,CIN,TE,23,16,6,0,0,0,0,0,0,0,,0,15,11,129,11.73,1,19,,32.9,24.4,,52,"
"352,Rhett Ellison\ElliRh00,MIN,TE,27,15,9,0,0,0,0,0,0,0,,0,19,11,124,11.27,1,18,,32.4,23.9,,54,"
"353,Dwayne Allen\AlleDw00,IND,TE,25,13,12,0,0,0,0,0,1,1,1.00,0,29,16,109,6.81,1,17,,36.0,25.0,,56,"
"354,Nick Boyle\BoylNi00,BAL,TE,22,11,2,0,0,0,0,0,0,0,,0,23,18,153,8.50,0,17,,38.3,26.3,,55,"
"355,Roy Helu\HeluRo00,OAK,RB,27,9,0,0,0,0,0,0,17,39,2.29,0,16,9,75,8.33,1,17,,26.4,21.9,,110,"
"356,T.J. Jones\JoneT.00,DET,WR,23,10,0,0,0,0,0,0,1,-3,-3.00,0,18,10,132,13.20,1,17,,30.9,21.9,,137,"
"357,Dion Sims\SimsDi00,MIA,TE,24,13,4,0,0,0,0,0,0,0,,0,25,18,127,7.06,1,17,,38.7,25.7,,57,"
"358,Jake Stoneburner\StonJa01,MIA,TE,26,11,1,0,0,0,0,0,0,0,,0,5,5,47,9.40,2,17,,21.7,19.2,,58,"
"359,Kenbrell Thompkins\ThomKe02,NYJ,WR,27,7,2,0,0,0,0,0,0,0,,0,33,17,165,9.71,0,17,,36.5,25.0,,138,"
"360,Knile Davis\DaviKn00,KAN,RB,24,14,0,0,0,0,0,0,28,72,2.57,1,3,2,24,12.00,0,16,,17.6,16.6,,111,"
"361,Justin Perillo\PeriJu00,GNB,WR,24,9,0,0,0,0,0,0,0,0,,0,13,11,102,9.27,1,16,,30.2,21.7,,139,"
"362,Devin Smith\SmitDe04,NYJ,WR,23,10,3,0,0,0,0,0,0,0,,0,28,9,115,12.78,1,16,,28.5,20.0,,140,"
"363,Anthony Dixon\DixoAn00,BUF,RB,28,16,1,0,0,0,0,0,21,44,2.10,1,7,6,44,7.33,0,15,,20.8,17.8,,112,"
"364,Chris Gragg\GragCh00,BUF,TE,25,13,4,0,0,0,0,0,0,0,,0,20,12,150,12.50,0,15,,30.0,21.0,,60,"
"365,Troy Niklas\NiklTr00,ARI,TE,23,16,3,0,0,0,0,0,0,0,,0,4,4,33,8.25,2,15,,19.3,17.3,,59,"
"366,Devin Street\StreDe00,DAL,WR,24,14,2,0,0,0,0,0,0,0,,0,13,7,114,16.29,1,15,,26.4,18.9,,141,"
"367,Pierre Thomas\ThomPi00,2TM,RB,31,5,0,0,0,0,0,0,15,64,4.27,0,11,9,84,9.33,0,15,,23.8,19.3,,113,"
"368,Myles White\WhitMy00,NYG,WR,25,12,0,0,0,0,0,0,0,0,,0,20,7,88,12.57,1,15,,21.8,18.3,,143,"
"369,Tyrell Williams\WillTy00,SDG,WR,23,4,0,0,0,0,0,0,0,0,,0,5,2,90,45.00,1,15,,17.0,16.0,,142,"
"370,Jason Avant\AvanJa00,KAN,WR,32,16,1,0,0,0,0,0,0,0,,0,24,15,119,7.93,0,14,,29.9,19.4,,147,"
"371,Rex Burkhead\BurkRe00,CIN,RB,25,16,0,0,0,0,0,0,4,4,1.00,0,15,10,94,9.40,1,14,,24.8,18.8,,114,"
"372,Aaron Dobson\DobsAa00,NWE,WR,24,8,3,0,0,0,0,0,0,0,,0,21,13,141,10.85,0,14,,30.1,20.6,,144,"
"373,Bruce Ellington\ElliBr00,SFO,WR,24,13,0,0,0,0,0,0,1,7,7.00,0,19,13,153,11.77,0,14,,31.0,20.5,,146,"
"374,Akeem Hunt\HuntAk01,HOU,RB,22,7,1,0,0,0,0,0,17,96,5.65,0,10,6,39,6.50,0,14,,19.5,16.5,,116,"
"375,Jesse James\JameJe00,PIT,TE,21,8,2,0,0,0,0,0,0,0,,0,11,8,56,7.00,1,14,,21.6,17.6,,61,"
"376,Marlon Moore\MoorMa02,CLE,WR,28,14,2,0,0,0,0,0,0,0,,0,10,7,81,11.57,1,14,,21.1,17.6,,145,"
"377,Andre Roberts\RobeAn00,WAS,WR,27,9,0,0,0,0,0,0,0,0,,0,21,11,135,12.27,0,14,,33.5,25.0,,148,"
"378,Lorenzo Taliaferro\TaliLo00,BAL,RB,24,3,0,0,0,0,0,0,13,47,3.62,1,5,5,29,5.80,0,14,,18.6,16.1,,115,"
"379,Jared Abbrederis\AbbrJa00,GNB,WR,25,9,0,0,0,0,0,0,0,0,,0,16,9,111,12.33,0,13,,23.1,15.6,,149,"
"380,Kenjon Barner\BarnKe00,PHI,RB,26,11,0,0,0,0,0,0,28,124,4.43,0,12,9,22,2.44,0,13,,25.6,17.1,,120,"
"381,Bryce Brown\BrowBr02,SEA,RB,24,3,0,0,0,0,0,0,25,72,2.88,1,2,0,0,,0,13,,13.2,13.2,,117,"
"382,Chase Coffman\CoffCh00,2TM,TE,29,2,0,0,0,0,0,0,0,0,,0,11,8,71,8.88,1,13,,21.1,17.1,,64,"
"383,Jack Doyle\DoylJa00,IND,TE,25,16,2,0,0,0,0,0,0,0,,0,14,12,72,6.00,1,13,,25.2,19.2,,63,"
"384,Demetrius Harris\HarrDe03,KAN,TE,24,16,9,0,0,0,0,0,0,0,,0,11,7,74,10.57,1,13,,20.4,16.9,,62,"
"385,Cooper Helfet\HelfCo00,SEA,TE,26,13,2,0,0,0,0,0,0,0,,0,22,13,130,10.00,0,13,,29.0,19.5,,65,"
"386,Dan Herron\HerrDa00,2TM,RB,26,10,0,0,0,0,0,0,25,79,3.16,0,10,9,47,5.22,0,13,,21.6,17.1,,119,"
"387,Steven Jackson\JackSt00,NWE,RB,32,2,1,0,0,0,0,0,21,50,2.38,1,1,1,20,20.00,0,13,,14.0,13.5,,118,"
"388,Charles Johnson\JohnCh08,MIN,WR,26,11,4,0,0,0,0,0,0,0,,0,13,9,127,14.11,0,13,,24.7,17.2,,152,"
"389,Ricardo Lockette\LockRi00,SEA,WR,29,8,0,0,0,0,0,0,0,0,,0,7,4,69,17.25,1,13,,16.9,14.9,,150,"
"390,Luke McCown\McCoLu00,NOR,QB,34,8,1,32,39,335,0,1,0,0,,0,0,0,0,,0,13,,15.4,12.4,,53,"
"391,Keith Mumphery\MumpKe00,HOU,WR,23,16,3,0,0,0,0,0,0,0,,0,32,14,129,9.21,0,13,,29.9,19.9,,151,"
"392,Brandon Myers\MyerBr00,TAM,TE,30,11,6,0,0,0,0,0,0,0,,0,17,12,127,10.58,0,13,,27.7,18.7,,69,"
"393,Brandon Pettigrew\PettBr00,DET,TE,30,8,8,0,0,0,0,0,0,0,,0,15,7,67,9.57,1,13,,19.7,16.2,,68,"
"394,John Phillips\PhilJo00,SDG,TE,28,16,5,0,0,0,0,0,0,0,,0,11,10,69,6.90,1,13,,22.9,17.9,,67,"
"395,Lee Smith\SmitLe00,OAK,TE,28,15,15,0,0,0,0,0,0,0,,0,13,12,70,5.83,1,13,,25.0,19.0,,66,"
"396,Marcus Easley\EaslMa00,BUF,WR,28,13,0,0,0,0,0,0,0,0,,0,3,1,58,58.00,1,12,,12.8,12.3,,156,"
"397,Darius Jennings\JennDa00,CLE,WR,23,4,1,0,0,0,0,0,0,0,,0,21,14,117,8.36,0,12,,28.7,18.7,,157,"
"398,Cody Latimer\LatiCo00,DEN,WR,23,14,1,0,0,0,0,0,2,1,0.50,0,11,6,59,9.83,1,12,,18.0,15.0,,153,"
"399,Matt McGloin\McGlMa01,OAK,QB,26,2,0,23,32,142,2,1,0,0,,0,0,0,0,,0,12,,11.7,10.7,,54,"
"400,Cameron Meredith\MereCa00,CHI,WR,23,11,0,0,0,0,0,0,0,0,,0,16,11,120,10.91,0,12,,26.0,17.5,,154,"
"401,Tony Moeaki\MoeaTo00,ATL,TE,28,10,0,0,0,0,0,0,0,0,,0,5,3,58,19.33,1,12,,14.8,13.3,,71,"
"402,Luke Stocker\StocLu00,TAM,TE,27,14,13,0,0,0,0,0,0,0,,0,13,9,61,6.78,1,12,,21.1,16.6,,70,"
"403,Brandon Tate\TateBr00,CIN,WR,28,16,0,0,0,0,0,0,0,0,,0,3,2,59,29.50,1,12,,13.9,12.9,,155,"
"404,Marlon Brown\BrowMa00,BAL,WR,24,10,2,0,0,0,0,0,0,0,,0,30,14,112,8.00,0,11,,28.2,18.2,,160,"
"405,Michael Campanaro\CampMi02,BAL,WR,24,4,0,0,0,0,0,0,2,17,8.50,1,6,5,35,7.00,0,11,,16.2,13.7,,159,"
"406,Kendall Gaskins\GaskKe00,SFO,RB,25,9,0,0,0,0,0,0,16,38,2.38,0,10,8,69,8.63,0,11,,18.7,14.7,,122,"
"407,Russell Shepard\ShepRu00,TAM,WR,25,13,1,0,0,0,0,0,0,0,,0,9,3,28,9.33,1,11,,11.8,10.3,,161,"
"408,Jerome Simpson\SimpJe00,SFO,WR,29,5,1,0,0,0,0,0,0,0,,0,19,5,54,10.80,1,11,,16.4,13.9,,158,"
"409,Will Tukuafu\TukuWi00,SEA,RB,31,14,1,0,0,0,0,0,4,1,0.25,1,1,1,7,7.00,1,11,,12.8,11.3,,121,"
"410,Brenton Bersin\BersBr00,CAR,WR,25,9,2,0,0,0,0,0,0,0,,0,11,9,119,13.22,0,10,,22.9,14.4,,165,"
"411,Michael Burton\BurtMi00,DET,RB,23,16,7,0,0,0,0,0,4,2,0.50,0,6,6,39,6.50,1,10,,16.1,13.1,,124,"
"412,Mike Davis\DaviMi01,SFO,RB,23,6,0,0,0,0,0,0,35,58,1.66,0,13,7,38,5.43,0,10,,16.6,13.1,,127,"
"413,Gavin Escobar\EscoGa00,DAL,TE,24,14,4,0,0,0,0,0,0,0,,0,13,8,64,8.00,1,10,,19.4,14.4,,72,"
"414,Josh Freeman\FreeJo00,IND,QB,27,1,1,15,28,149,1,1,8,24,3.00,0,0,0,0,,0,10,,11.4,11.4,,55,"
"415,Ryan Hewitt\HewiRy00,CIN,TE,24,15,12,0,0,0,0,0,0,0,,0,12,8,99,12.38,0,10,,17.9,13.9,,73,"
"416,Austin Johnson\JohnAu00,NOR,RB,26,10,1,0,0,0,0,0,4,9,2.25,1,8,5,30,6.00,0,10,,14.9,12.4,,125,"
"417,Will Johnson\JohnWi00,PIT,RB,26,16,4,0,0,0,0,0,4,7,1.75,1,4,2,16,8.00,0,10,,12.3,11.3,,123,"
"418,Dan Orlovsky\OrloDa00,DET,QB,32,3,0,22,40,201,1,1,0,0,,0,0,0,0,,0,10,,11.0,11.0,,56,"
"419,Brian Quick\QuicBr00,STL,WR,26,13,3,0,0,0,0,0,0,0,,0,32,10,102,10.20,0,10,,23.2,15.2,,163,"
"420,Juwan Thompson\ThomJu01,DEN,RB,23,15,1,0,0,0,0,0,18,48,2.67,0,9,6,51,8.50,0,10,,15.9,12.9,,126,"
"421,Wes Welker\WelkWe00,STL,WR,34,8,0,0,0,0,0,0,0,0,,0,22,13,102,7.85,0,10,,26.2,16.7,,164,"
"422,Lucky Whitehead\WhitLu00,DAL,WR,23,15,1,0,0,0,0,0,10,107,10.70,0,8,6,16,2.67,0,10,,20.3,13.3,,162,"
"423,Garrett Graham\GrahGa00,HOU,TE,29,8,2,0,0,0,0,0,0,0,,0,19,4,30,7.50,1,9,,13.0,11.0,,74,"
"424,Colt McCoy\McCoCo00,WAS,QB,28,1,0,7,11,128,1,0,3,-3,-1.00,0,0,0,0,,0,9,,8.8,8.8,,57,"
"425,James O'Shaughnessy\O'ShJa00,KAN,TE,23,7,3,0,0,0,0,0,0,0,,0,9,6,87,14.50,0,9,,14.7,11.7,,76,"
"426,MyCole Pruitt\PruiMy00,MIN,TE,23,16,3,0,0,0,0,0,0,0,,0,16,10,89,8.90,0,9,,18.9,13.9,,75,"
"427,Stevan Ridley\RidlSt00,NYJ,RB,26,9,1,0,0,0,0,0,36,90,2.50,0,5,4,-2,-0.50,0,9,,12.8,10.8,,128,"
"428,Jeff Cumberland\CumbJe00,NYJ,TE,28,15,6,0,0,0,0,0,0,0,,0,14,5,77,15.40,0,8,,12.7,10.2,,79,"
"429,Kellen Davis\DaviKe01,NYJ,TE,30,16,9,0,0,0,0,0,0,0,,0,11,3,18,6.00,1,8,,10.8,9.3,,78,"
"430,James Hanna\HannJa00,DAL,TE,26,14,7,0,0,0,0,0,0,0,,0,14,9,79,8.78,0,8,,16.9,12.4,,77,"
"431,Jeff Janis\JaniJe00,GNB,WR,24,16,0,0,0,0,0,0,0,0,,0,12,2,79,39.50,0,8,,9.9,8.9,,168,"
"432,Tre McBride\McBrTr00,TEN,WR,23,7,0,0,0,0,0,0,1,8,8.00,0,4,2,8,4.00,1,8,,9.6,8.6,,169,"
"433,Chris Owusu\OwusCh00,NYJ,WR,25,3,2,0,0,0,0,0,0,0,,0,13,6,80,13.33,0,8,,14.0,11.0,,167,"
"434,Alex Tanney\TannAl00,TEN,QB,28,1,0,10,14,99,1,0,0,0,,0,0,0,0,,0,8,,8.0,8.0,,58,"
"435,Deonte Thompson\ThomDe04,CHI,WR,26,7,0,0,0,0,0,0,0,0,,0,3,2,81,40.50,0,8,,10.1,9.1,,166,"
"436,Zurlon Tipton\TiptZu01,IND,RB,25,10,0,0,0,0,0,0,5,20,4.00,0,8,5,57,11.40,0,8,,12.7,10.2,,129,"
"437,Toby Gerhart\GerhTo00,JAX,RB,28,7,1,0,0,0,0,0,20,44,2.20,0,5,3,23,7.67,0,7,,9.7,8.2,,131,"
"438,Bradley Marquez\MarqBr00,STL,WR,23,16,1,0,0,0,0,0,0,0,,0,22,13,88,6.77,0,7,,20.8,13.3,,170,"
"439,Ryan Nassib\NassRy00,NYG,QB,25,1,0,5,5,68,1,0,0,0,,0,0,0,0,,0,7,,6.7,6.7,,59,"
"440,Zach Zenner\ZennZa00,DET,RB,24,6,1,0,0,0,0,0,17,60,3.53,0,3,2,11,5.50,0,7,,9.1,8.1,,130,"
"441,Tommy Bohanon\BohaTo00,NYJ,RB,25,16,4,0,0,0,0,0,2,2,1.00,0,8,4,56,14.00,0,6,,9.8,7.8,,136,"
"442,Daniel Brown\BrowDa04,BAL,WR,23,6,1,0,0,0,0,0,0,0,,0,11,6,64,10.67,0,6,,12.4,9.4,,171,"
"443,Kellen Clemens\ClemKe00,SDG,QB,32,2,0,5,6,63,1,0,1,-1,-1.00,0,0,0,0,,0,6,,6.4,6.4,,60,"
"444,Jerome Cunningham\CunnJe00,NYG,RB,24,9,3,0,0,0,0,0,0,0,,0,16,8,59,7.38,0,6,,13.9,9.9,,134,"
"445,Jim Dray\DrayJi00,CLE,TE,29,16,10,0,0,0,0,0,0,0,,0,16,6,61,10.17,0,6,,12.1,9.1,,81,"
"446,Daniel Fells\FellDa00,NYG,TE,32,2,1,0,0,0,0,0,0,0,,0,7,6,60,10.00,0,6,,12.0,9.0,,82,"
"447,Corey Fuller\FullCo00,DET,WR,25,12,0,0,0,0,0,0,0,0,,0,9,4,76,19.00,0,6,,10.6,7.6,,173,"
"448,Jarryd Hayne\HaynJa00,SFO,RB,27,8,1,0,0,0,0,0,17,52,3.06,0,7,6,27,4.50,0,6,,12.9,8.9,,135,"
"449,Ryan Lindley\LindRy00,IND,QB,26,1,0,6,10,58,1,0,0,0,,0,0,0,0,,0,6,,6.3,6.3,,61,"
"450,Kevin Smith\SmitKe04,SEA,WR,24,7,1,0,0,0,0,0,0,0,,0,5,3,43,14.33,0,6,,7.3,5.8,,172,"
"451,Stepfan Taylor\TaylSt00,ARI,RB,24,16,0,0,0,0,0,0,17,58,3.41,0,3,1,4,4.00,0,6,,7.2,6.7,,133,"
"452,Levine Toilolo\ToilLe00,ATL,TE,24,16,15,0,0,0,0,0,0,0,,0,12,7,44,6.29,0,6,,13.4,9.9,,80,"
"453,Fitzgerald Toussaint\TousFi00,PIT,RB,25,5,0,0,0,0,0,0,18,42,2.33,0,0,0,0,,0,6,,6.2,6.2,,132,"
"454,Dwayne Bowe\BoweDw00,CLE,WR,31,7,0,0,0,0,0,0,0,0,,0,13,5,53,10.60,0,5,,10.3,7.8,,175,"
"455,Trey Burton\BurtTr01,PHI,TE,24,16,0,0,0,0,0,0,0,0,,0,4,3,54,18.00,0,5,,8.4,6.9,,83,"
"456,Reggie Bush\BushRe00,SFO,RB,30,5,1,0,0,0,0,0,8,28,3.50,0,10,4,19,4.75,0,5,,8.7,6.7,,141,"
"457,Joey Iosefa\IoseJo00,NWE,RB,24,2,0,0,0,0,0,0,15,51,3.40,0,0,0,0,,0,5,,5.1,5.1,,140,"
"458,Hakeem Nicks\NickHa01,NYG,WR,27,6,2,0,0,0,0,0,0,0,,0,14,7,54,7.71,0,5,,12.4,8.9,,174,"
"459,Josh Robinson\RobiJo02,IND,RB,23,5,0,0,0,0,0,0,17,39,2.29,0,6,6,33,5.50,0,5,,12.2,8.2,,138,"
"460,Jacquizz Rodgers\RodgJa00,CHI,RB,25,5,0,0,0,0,0,0,14,41,2.93,0,3,1,10,10.00,0,5,,6.1,5.6,,139,"
"461,Anthony Sherman\SherAn00,KAN,RB,27,16,2,0,0,0,0,0,1,0,0.00,0,5,4,34,8.50,0,5,,7.4,5.4,,137,"
"462,Nick O'Leary\OLeaNi00,BUF,TE,23,4,0,0,0,0,0,0,0,0,,0,3,1,37,37.00,0,4,,4.7,4.2,,84,"
"463,Preston Parker\ParkPr00,NYG,WR,28,2,1,0,0,0,0,0,0,0,,0,12,5,43,8.60,0,4,,9.3,6.8,,176,"
"464,Terrelle Pryor\PryoTe00,CLE,WR,26,3,2,0,0,0,0,0,1,-1,-1.00,0,8,1,42,42.00,0,4,,5.1,4.6,,178,"
"465,Paul Richardson\RichPa01,SEA,WR,23,1,0,0,0,0,0,0,0,0,,0,1,1,40,40.00,0,4,,5.0,4.5,,179,"
"466,Greg Salas\SalaGr00,BUF,WR,27,2,0,0,0,0,0,0,0,0,,0,5,3,41,13.67,0,4,,7.1,5.6,,177,"
"467,Charlie Whitehurst\WhitCh02,2TM,QB,33,5,0,16,32,150,0,1,2,1,0.50,0,0,0,0,,0,4,,5.1,5.1,,62,"
"468,Derrick Coleman\ColeDe00,SEA,RB,25,14,3,0,0,0,0,0,8,32,4.00,0,1,1,0,0.00,0,3,,4.2,3.7,,144,"
"469,B.J. Daniels\DaniB.00,2TM,QB,27,8,0,1,2,7,0,0,6,6,1.00,0,2,2,18,9.00,0,3,,4.7,3.7,,63,"
"470,Jake Fisher\FishJa00,CIN,TE,22,14,1,0,0,0,0,0,0,0,,0,5,1,31,31.00,0,3,,4.1,3.6,,86,"
"471,Cory Harkey\HarkCo00,STL,RB,25,16,6,0,0,0,0,0,0,0,,0,6,5,26,5.20,0,3,,7.6,5.1,,145,"
"472,Rob Housler\HousRo01,2TM,TE,27,10,0,0,0,0,0,0,0,0,,0,7,4,33,8.25,0,3,,7.3,5.3,,85,"
"473,Jay Prosch\ProsJa00,HOU,RB,23,16,2,0,0,0,0,0,6,33,5.50,0,1,0,0,,0,3,,3.3,3.3,,142,"
"474,Andrew Quarless\QuarAn00,GNB,TE,27,5,1,0,0,0,0,0,0,0,,0,5,4,31,7.75,0,3,,7.1,5.1,,87,"
"475,Jeremy Ross\RossJe01,2TM,WR,27,11,0,0,0,0,0,0,1,2,2.00,0,14,9,88,9.78,0,3,,15.0,7.5,,180,"
"476,Rod Streater\StreRo00,OAK,WR,27,1,0,0,0,0,0,0,0,0,,0,1,1,8,8.00,0,3,,1.8,1.3,,181,"
"477,Andrew Turzilli\TurzAn00,TEN,WR,,3,0,0,0,0,0,0,0,0,,0,2,2,25,12.50,0,3,,4.5,3.5,,182,"
"478,Michael Williams\WillMi06,NWE,RB,25,15,9,0,0,0,0,0,0,0,,0,6,3,26,8.67,0,3,,5.6,4.1,,146,"
"479,Darrel Young\YounDa01,WAS,RB,28,16,3,0,0,0,0,0,6,10,1.67,0,6,6,22,3.67,0,3,,9.2,6.2,,143,"
"480,Mario Alford\AlfoMa00,CIN,WR,23,1,0,0,0,0,0,0,0,0,,0,1,1,15,15.00,0,2,,2.5,2.0,,191,"
"481,Malcolm Brown\BrowMa03,STL,RB,22,1,0,0,0,0,0,0,4,17,4.25,0,1,1,-2,-2.00,0,2,,2.5,2.0,,155,"
"482,Vincent Brown\BrowVi00,SDG,WR,26,1,0,0,0,0,0,0,0,0,,0,2,1,22,22.00,0,2,,3.2,2.7,,185,"
"483,John Crockett\CrocJo00,GNB,RB,23,2,0,0,0,0,0,0,9,21,2.33,0,0,0,0,,0,2,,2.1,2.1,,148,"
"484,Geremy Davis\DaviGe00,NYG,WR,23,10,0,0,0,0,0,0,0,0,,0,3,2,21,10.50,0,2,,4.1,3.1,,186,"
"485,Marquise Goodwin\GoodMa00,BUF,WR,25,2,0,0,0,0,0,0,0,0,,0,2,2,24,12.00,0,2,,4.4,3.4,,183,"
"486,T.J. Graham\GrahT.00,NOR,WR,26,4,0,0,0,0,0,0,0,0,,0,4,4,24,6.00,0,2,,6.4,4.4,,184,"
"487,Alonzo Harris\HarrAl00,GNB,RB,23,6,0,0,0,0,0,0,4,19,4.75,0,1,0,0,,0,2,,1.9,1.9,,150,"
"488,Malcolm Johnson\JohnMa06,CLE,RB,23,12,5,0,0,0,0,0,0,0,,0,6,4,15,3.75,0,2,,5.5,3.5,,154,"
"489,Matt LaCosse\LaCoMa00,NYG,TE,23,2,0,0,0,0,0,0,0,0,,0,3,3,22,7.33,0,2,,5.2,3.7,,88,"
"490,Tyler Murphy\MurpTy00,PIT,WR,23,2,0,0,0,0,0,0,0,0,,0,1,1,16,16.00,0,2,,2.6,2.1,,189,"
"491,Roosevelt Nix\NixxRo01,PIT,RB,23,15,3,0,0,0,0,0,0,0,,0,3,2,16,8.00,0,2,,3.6,2.6,,153,"
"492,Bernard Pierce\PierBe00,JAX,RB,25,7,0,0,0,0,0,0,6,11,1.83,0,5,3,7,2.33,0,2,,4.8,3.3,,151,"
"493,Aaron Ripkowski\RipkAa00,GNB,RB,23,15,0,0,0,0,0,0,0,0,,0,1,1,18,18.00,0,2,,2.8,2.3,,152,"
"494,Jordan Todman\TodmJo00,PIT,RB,25,11,0,0,0,0,0,0,4,22,5.50,0,2,0,0,,0,2,,2.2,2.2,,147,"
"495,Tyler Varga\VargTy00,IND,RB,22,3,0,0,0,0,0,0,1,2,2.00,0,2,1,18,18.00,0,2,,3.0,2.5,,149,"
"496,Darren Waller\WallDa01,BAL,WR,23,6,1,0,0,0,0,0,0,0,,0,6,2,18,9.00,0,2,,3.8,2.8,,187,"
"497,Eric Weems\WeemEr00,ATL,WR,30,16,0,0,0,0,0,0,1,4,4.00,0,1,1,11,11.00,0,2,,2.5,2.0,,190,"
"498,DeAndrew White\WhitDe01,SFO,WR,,4,0,0,0,0,0,0,0,0,,0,2,2,18,9.00,0,2,,3.8,2.8,,188,"
"499,Derek Anderson\AndeDe00,CAR,QB,32,3,0,4,6,36,0,0,7,-2,-0.29,0,0,0,0,,0,1,,1.2,1.2,,64,"
"500,E.J. Bibbs\BibbE.00,CLE,TE,24,7,0,0,0,0,0,0,0,0,,0,2,1,7,7.00,0,1,,1.7,1.2,,93,"
"501,Sammie Coates\CoatSa00,PIT,WR,22,7,0,0,0,0,0,0,0,0,,0,2,1,11,11.00,0,1,,2.1,1.6,,194,"
"502,Ben Edwards\EdwaBe00,NYG,WR,23,2,0,0,0,0,0,0,0,0,,0,2,1,9,9.00,0,1,,1.9,1.4,,196,"
"503,Jerome Felton\FeltJe00,BUF,RB,29,16,8,0,0,0,0,0,1,2,2.00,0,2,1,12,12.00,0,1,,2.4,1.9,,157,"
"504,Brittan Golden\GoldBr00,ARI,WR,27,16,0,0,0,0,0,0,0,0,,0,1,1,5,5.00,0,1,,1.5,1.0,,200,"
"505,Tarvaris Jackson\JackTa00,SEA,QB,32,4,0,4,6,37,0,0,8,-8,-1.00,0,0,0,0,,0,1,,0.7,0.7,,66,"
"506,Nic Jacobs\JacoNi00,JAX,TE,24,11,3,0,0,0,0,0,0,0,,0,3,1,6,6.00,0,1,,1.6,1.1,,96,"
"507,Damaris Johnson\JohnDa04,NWE,WR,26,1,0,0,0,0,0,0,1,6,6.00,0,0,0,0,,0,1,,0.6,0.6,,198,"
"508,Jonathan Krause\KrauJo00,PHI,WR,23,2,0,0,0,0,0,0,0,0,,0,4,2,11,5.50,0,1,,3.1,2.1,,195,"
"509,Kendall Lamm\LammKe00,HOU,TE,23,15,4,0,0,0,0,0,0,0,,0,1,1,7,7.00,0,1,,1.7,1.2,,94,"
"510,Jorvorskie Lane\LaneJo00,TAM,RB,28,16,6,0,0,0,0,0,1,0,0.00,0,2,2,13,6.50,0,1,,3.3,2.3,,158,"
"511,Khari Lee\LeexKh00,CHI,TE,23,16,7,0,0,0,0,0,0,0,,0,3,1,7,7.00,0,1,,1.7,1.2,,92,"
"512,Terrence Magee\MageTe00,BAL,RB,22,3,0,0,0,0,0,0,2,5,2.50,0,1,1,2,2.00,0,1,,1.7,1.2,,162,"
"513,Sean Mannion\MannSe00,STL,QB,23,1,0,6,7,31,0,0,0,0,,0,0,0,0,,0,1,,1.2,1.2,,65,"
"514,Brian Parker\ParkBr00,KAN,TE,23,9,0,0,0,0,0,0,0,0,,0,2,1,6,6.00,0,1,,1.6,1.1,,95,"
"515,Cordarrelle Patterson\PattCo00,MIN,WR,24,16,1,0,0,0,0,0,2,15,7.50,0,2,2,10,5.00,0,1,,15.5,13.5,,199,"
"516,Bobby Rainey\RainBo00,TAM,RB,28,16,0,0,0,0,0,0,5,18,3.60,0,3,3,16,5.33,0,1,,5.4,2.9,,156,"
"517,Scott Simonson\SimoSc00,CAR,TE,23,9,0,0,0,0,0,0,0,0,,0,1,1,10,10.00,0,1,,2.0,1.5,,90,"
"518,Antone Smith\SmitAn01,CHI,RB,30,5,0,0,0,0,0,0,1,11,11.00,0,0,0,0,,0,1,,1.1,1.1,,160,"
"519,Rod Smith\SmitRo06,2TM,RB,21,11,0,0,0,0,0,0,2,5,2.50,0,2,1,6,6.00,0,1,,2.1,1.6,,161,"
"520,Matt Spaeth\SpaeMa00,PIT,TE,32,13,7,0,0,0,0,0,0,0,,0,3,2,10,5.00,0,1,,3.0,2.0,,91,"
"521,Phillip Supernaw\SupePh00,TEN,TE,25,16,1,0,0,0,0,0,0,0,,0,4,3,32,10.67,0,1,,5.2,2.7,,89,"
"522,Tony Washington\WashTo00,JAX,WR,25,4,0,0,0,0,0,0,1,8,8.00,0,0,0,0,,0,1,,0.8,0.8,,197,"
"523,Kasen Williams\WillKa02,SEA,WR,23,2,0,0,0,0,0,0,1,5,5.00,0,1,1,8,8.00,0,1,,2.3,1.8,,193,"
"524,Trey Williams\WillTr03,IND,RB,23,2,0,0,0,0,0,0,2,12,6.00,0,0,0,0,,0,1,,1.2,1.2,,159,"
"525,Chandler Worthy\WortCh00,HOU,WR,22,3,0,0,0,0,0,0,0,0,,0,4,3,14,4.67,0,1,,4.4,2.9,,192,"
"526,Seyi Ajirotutu\AjirSe00,PHI,WR,28,13,0,0,0,0,0,0,0,0,,0,3,1,4,4.00,0,,,1.4,0.9,,201,"
"527,Dri Archer\ArchDr00,PIT,,24,8,0,0,0,0,0,0,0,0,,0,0,0,0,,0,,,,,,204,"
"528,Joe Banyard\BanyJo00,JAX,,27,5,0,0,0,0,0,0,0,0,,0,0,0,0,,0,,,,,,172,"
"529,Kapri Bibbs\BibbKa00,DEN,,22,1,0,0,0,0,0,0,0,0,,0,0,0,0,,0,,,,,,171,"
"530,Allen Bradford\BradAl00,ATL,,27,6,0,0,0,0,0,0,0,0,,0,0,0,0,,0,,,,,,167,"
"531,Quan Bray\BrayQu00,IND,,22,9,0,0,0,0,0,0,0,0,,0,0,0,0,,0,,,,,,213,"
"532,James Casey\CaseJa00,DEN,,31,3,0,0,0,0,0,0,0,0,,0,0,0,0,,0,,,,,,103,"
"533,Kaelin Clay\ClayKa00,BAL,,23,7,0,0,0,0,0,0,0,0,,0,0,0,0,,0,,,6.0,6.0,,205,"
"534,Asante Cleveland\ClevAs00,NWE,TE,23,4,1,0,0,0,0,0,0,0,,0,1,1,1,1.00,0,,,1.1,0.6,,101,"
"535,Tyler Clutts\ClutTy00,DAL,RB,31,16,5,0,0,0,0,0,0,0,,0,1,1,4,4.00,0,,,1.4,0.9,,163,"
"536,Justice Cunningham\CunnJu00,STL,,24,2,0,0,0,0,0,0,0,0,,0,0,0,0,,0,,,,,,107,"
"537,Chase Daniel\DaniCh00,KAN,QB,29,2,0,2,2,4,0,0,2,-2,-1.00,0,0,0,0,,0,,,,,,71,"
"538,Anthony Denham\DenhAn00,HOU,,24,1,0,0,0,0,0,0,0,0,,0,0,0,0,,0,,,,,,104,"
"539,Jimmy Garoppolo\GaroJi00,NWE,QB,24,5,0,1,4,6,0,0,5,-5,-1.00,0,0,0,0,,0,,,-0.3,-0.3,,75,"
"540,Richard Gordon\GordRi00,DEN,,28,1,0,0,0,0,0,0,0,0,,0,0,0,0,,0,,,,,,110,"
"541,Garrett Grayson\GrayGa00,NOR,,24,1,0,0,0,0,0,0,0,0,,0,0,0,0,,0,,,,,,70,"
"542,MarQueis Gray\GrayMa00,BUF,TE,26,4,0,0,0,0,0,0,0,0,,0,1,1,2,2.00,0,,,1.2,0.7,,99,"
"543,Saalim Hakim\HakiSa00,KAN,,25,2,0,0,0,0,0,0,0,0,,0,0,0,0,,0,,,,,,214,"
"544,Rannell Hall\HallRa02,CLE,,,1,0,0,0,0,0,0,0,0,,0,0,0,0,,0,,,,,,211,"
"545,Clark Harris\HarrCl20,CIN,,31,16,0,0,0,0,0,0,0,0,,0,0,0,0,,0,,,,,,116,"
"546,Matt Hazel\HazeMa01,MIA,,23,5,1,0,0,0,0,0,0,0,,0,1,0,0,,0,,,,,,203,"
"547,Mitchell Henry\HenrMi00,DEN,,23,2,0,0,0,0,0,0,0,0,,0,,0,0,,0,,,,,,113,"
"548,Shaun Hill\HillSh00,MIN,QB,35,3,0,2,7,15,0,0,4,-5,-1.25,0,0,0,0,,0,,,0.1,0.1,,68,"
"549,Kendall Hunter\HuntKe00,NOR,RB,27,2,0,0,0,0,0,0,1,2,2.00,0,0,0,0,,0,,,0.2,0.2,,164,"
"550,LaMichael James\JameLa00,MIA,,26,1,0,0,0,0,0,0,0,0,,0,0,0,0,,0,,,,,,168,"
"551,Marcel Jensen\JensMa01,WAS,,25,1,0,0,0,0,0,0,0,0,,0,0,0,0,,0,,,,,,114,"
"552,Mike Leach\LeacMi00,ARI,,39,16,0,0,0,0,0,0,0,0,,0,0,0,0,,0,,,,,,102,"
"553,Brian Leonhardt\LeonBr01,SFO,TE,25,4,0,0,0,0,0,0,0,0,,0,1,1,4,4.00,0,,,1.4,0.9,,98,"
"554,Dezmin Lewis\LewiDe02,BUF,,23,1,0,0,0,0,0,0,0,0,,0,0,0,0,,0,,,,,,207,"
"555,Tony Lippett\LippTo00,MIA,,23,9,0,0,0,0,0,0,0,0,,0,0,0,0,,0,,,,,,202,"
"556,Vince Mayle\MaylVi00,DAL,,24,1,0,0,0,0,0,0,0,0,,0,1,0,0,,0,,,,,,215,"
"557,Anthony McCoy\McCoAn00,2TM,,28,8,3,0,0,0,0,0,0,0,,0,0,0,0,,0,,,,,,115,"
"558,Matt Moore\MoorMa01,MIA,QB,31,1,0,1,1,14,0,0,3,-2,-0.67,0,0,0,0,,0,,,0.4,0.4,,67,"
"559,Matthew Mulligan\MullMa00,BUF,TE,30,12,5,0,0,0,0,0,0,0,,0,1,1,2,2.00,0,,,1.2,0.7,,100,"
"560,Kevin Norwood\NorwKe00,CAR,,26,1,0,0,0,0,0,0,0,0,,0,1,0,0,,0,,,,,,210,"
"561,Toben Opurum\OpurTo00,NOR,,25,2,0,0,0,0,0,0,0,0,,0,0,0,0,,0,,,,,,2,"
"562,Bear Pascoe\PascBe00,DET,,29,3,0,0,0,0,0,0,0,0,,0,0,0,0,,0,,,,,,109,"
"563,Cedric Peerman*\PeerCe00,CIN,,29,16,0,0,0,0,0,0,0,0,,0,0,0,0,,0,,,,,,169,"
"564,Walt Powell\PoweWa00,BUF,,24,2,0,0,0,0,0,0,0,0,,0,0,0,0,,0,,,,,,212,"
"565,Sean Renfree\RenfSe00,ATL,QB,25,2,0,3,7,11,0,1,1,-4,-4.00,0,0,0,0,,0,,,-1.0,-1.0,,69,"
"566,Rico Richardson\RichRi00,TEN,,24,5,0,0,0,0,0,0,0,0,,0,5,0,0,,0,,,,,,208,"
"567,Wes Saxton\SaxtWe01,NYJ,,22,1,0,0,0,0,0,0,0,0,,0,0,0,0,,0,,,,,,108,"
"568,Mickey Shuler\ShulMi01,ATL,,29,1,0,0,0,0,0,0,0,0,,0,0,0,0,,0,,,,,,106,"
"569,Trevor Siemian\SiemTr00,DEN,QB,24,1,0,0,0,0,0,0,1,-1,-1.00,0,0,0,0,,0,,,-0.1,-0.1,,73,"
"570,Matt Slater*\SlatMa00,NWE,,30,16,0,0,0,0,0,0,0,0,,0,1,0,0,,0,,,,,,216,"
"571,Alex Smith\SmitAl02,WAS,,33,3,1,0,0,0,0,0,0,0,,0,2,0,0,,0,,,,,,111,"
"572,Dreamius Smith\SmitDr02,SDG,,23,1,0,0,0,0,0,0,0,0,,0,0,0,0,,0,,,,,,170,"
"573,Nate Solder\SoldNa00,NWE,,27,4,4,0,0,0,0,0,0,0,,0,0,0,0,,0,,,,,,105,"
"574,Evan Spencer\SpenEv00,TAM,,,1,0,0,0,0,0,0,0,0,,0,0,0,0,,0,,,,,,209,"
"575,Geoff Swaim\SwaiGe00,DAL,TE,22,4,1,0,0,0,0,0,0,0,,0,1,1,0,0.00,0,,,1.0,0.5,,117,"
"576,Scott Tolzien\TolzSc00,GNB,QB,28,3,0,1,1,4,0,0,3,-3,-1.00,0,0,0,0,,0,,,-0.1,-0.1,,74,"
"577,Nick Toon\ToonNi00,STL,,27,1,0,0,0,0,0,0,0,0,,0,0,0,0,,0,,,,,,206,"
"578,C.J. Uzomah\UzomC.00,CIN,TE,23,5,0,0,0,0,0,0,0,0,,0,1,1,4,4.00,0,,,1.4,0.9,,97,"
"579,Trey Watts\WattTr00,STL,,24,1,0,0,0,0,0,0,0,0,,0,0,0,0,,0,,,,,,173,"
"580,Joe Webb\WebbJo00,CAR,QB,29,16,0,0,0,0,0,0,1,-1,-1.00,0,0,0,0,,0,,,-0.1,-0.1,,72,"
"581,Brandon Wegher\WeghBr00,CAR,,25,1,0,0,0,0,0,0,0,0,,0,0,0,0,,0,,,,,,166,"
"582,Nikita Whitlock\WhitNi01,NYG,,24,14,5,0,0,0,0,0,0,0,,0,0,0,0,,0,,,,,,1,"
"583,Brandon Williams\WillBr04,2TM,,28,6,0,0,0,0,0,0,0,0,,0,0,0,0,,0,,,,,,112,"
"584,George Winn\WinnGe00,DET,RB,25,7,0,0,0,0,0,0,4,1,0.25,0,0,0,0,,0,,,0.1,0.1,,165,"
"585,Cierre Wood\WoodCi00,BUF,RB,24,2,0,0,0,0,0,0,2,3,1.50,0,1,1,-6,-6.00,0,,,0.7,0.2,,174,"
"586,Corey Grant\GranCo00,JAX,RB,27,6,0,0,0,0,0,0,6,2,0.33,0,3,2,13,6.50,0,-1,,2.5,0.5,,175,"
"587,Chris Harper\HarpCh01,NWE,WR,22,5,0,0,0,0,0,0,0,0,,0,3,1,6,6.00,0,-1,,0.6,-0.9,,217,"
"588,David Johnson\JohnDa05,SDG,TE,28,16,4,0,0,0,0,0,2,4,2.00,0,2,1,4,4.00,0,-1,,0.8,-0.7,,118,"
"589,Drew Stanton\StanDr00,ARI,QB,31,7,0,11,25,104,0,2,13,-13,-1.00,0,0,0,0,,0,-1,,0.9,0.9,,76,"
"590,Frankie Hammond\HammFr00,KAN,,25,10,0,0,0,0,0,0,0,0,,0,0,0,0,,0,-2,,-1.0,-2.0,,218,"
"591,Raheem Mostert\MostRa00,3TM,,23,11,0,0,0,0,0,0,0,0,,0,0,0,0,,0,-2,,-1.0,-2.0,,178,"
"592,Marcus Murphy\MurpMa03,NOR,RB,24,13,0,0,0,0,0,0,1,0,0.00,0,0,0,0,,0,-2,,5.0,4.0,,177,"
"593,Isaiah Pead\PeadIs00,STL,RB,26,2,0,0,0,0,0,0,2,3,1.50,0,0,0,0,,0,-2,,-0.7,-1.7,,176,"
"594,Glenn Winston\WinsGl00,CLE,RB,26,3,0,0,0,0,0,0,1,-8,-8.00,0,0,0,0,,0,-3,,-1.8,-2.8,,179,"
"595,Marcus Thigpen\ThigMa00,2TM,WR,29,9,0,0,0,0,0,0,1,-1,-1.00,0,0,0,0,,0,-4,,-2.1,-4.1,,219,"